date,cash_type,card,money,coffee_name,time,hour,day,month,month_num
2024-03-01,card,ANON-0000-0000-0001,38.7,Latte,10:15:50,10,Friday,March,3
2024-03-01,card,ANON-0000-0000-0002,38.7,Hot Chocolate,12:19:22,12,Friday,March,3
2024-03-01,card,ANON-0000-0000-0002,38.7,Hot Chocolate,12:20:18,12,Friday,March,3
2024-03-01,card,ANON-0000-0000-0003,28.9,Americano,13:46:33,13,Friday,March,3
2024-03-01,card,ANON-0000-0000-0004,38.7,Latte,13:48:14,13,Friday,March,3
2024-03-01,card,ANON-0000-0000-0005,33.8,Americano with Milk,15:39:47,15,Friday,March,3
2024-03-01,card,ANON-0000-0000-0006,38.7,Hot Chocolate,16:19:02,16,Friday,March,3
2024-03-01,card,ANON-0000-0000-0007,33.8,Americano with Milk,18:39:03,18,Friday,March,3
2024-03-01,card,ANON-0000-0000-0008,38.7,Cocoa,19:22:01,19,Friday,March,3
2024-03-01,card,ANON-0000-0000-0008,33.8,Americano with Milk,19:23:15,19,Friday,March,3
2024-03-01,card,ANON-0000-0000-0009,33.8,Americano with Milk,19:29:17,19,Friday,March,3
2024-03-02,card,ANON-0000-0000-0010,28.9,Americano,10:22:06,10,Saturday,March,3
2024-03-02,cash,,40.0,Latte,10:30:35,10,Saturday,March,3
2024-03-02,card,ANON-0000-0000-0011,33.8,Americano with Milk,10:41:41,10,Saturday,March,3
2024-03-02,card,ANON-0000-0000-0012,33.8,Americano with Milk,11:59:45,11,Saturday,March,3
2024-03-02,card,ANON-0000-0000-0013,28.9,Americano,14:38:35,14,Saturday,March,3
2024-03-02,card,ANON-0000-0000-0014,33.8,Americano with Milk,16:37:24,16,Saturday,March,3
2024-03-02,card,ANON-0000-0000-0004,28.9,Americano,17:34:54,17,Saturday,March,3
2024-03-03,cash,,40.0,Latte,10:10:43,10,Sunday,March,3
2024-03-03,card,ANON-0000-0000-0015,38.7,Latte,10:27:18,10,Sunday,March,3
2024-03-03,card,ANON-0000-0000-0016,28.9,Cortado,11:33:56,11,Sunday,March,3
2024-03-03,card,ANON-0000-0000-0012,28.9,Americano,12:26:56,12,Sunday,March,3
2024-03-03,card,ANON-0000-0000-0017,38.7,Hot Chocolate,13:09:36,13,Sunday,March,3
2024-03-03,card,ANON-0000-0000-0018,38.7,Cocoa,17:06:40,17,Sunday,March,3
2024-03-03,card,ANON-0000-0000-0019,28.9,Cortado,17:08:45,17,Sunday,March,3
2024-03-03,card,ANON-0000-0000-0020,33.8,Americano with Milk,18:03:23,18,Sunday,March,3
2024-03-03,card,ANON-0000-0000-0020,33.8,Americano with Milk,18:04:27,18,Sunday,March,3
2024-03-03,card,ANON-0000-0000-0020,38.7,Hot Chocolate,18:08:04,18,Sunday,March,3
2024-03-04,card,ANON-0000-0000-0001,38.7,Latte,10:03:51,10,Monday,March,3
2024-03-04,card,ANON-0000-0000-0021,38.7,Latte,10:54:50,10,Monday,March,3
2024-03-04,card,ANON-0000-0000-0012,33.8,Americano with Milk,11:05:16,11,Monday,March,3
2024-03-04,card,ANON-0000-0000-0022,24.0,Espresso,14:04:37,14,Monday,March,3
2024-03-05,card,ANON-0000-0000-0001,38.7,Latte,09:59:52,9,Tuesday,March,3
2024-03-05,card,ANON-0000-0000-0023,38.7,Latte,14:34:55,14,Tuesday,March,3
2024-03-05,card,ANON-0000-0000-0024,38.7,Latte,17:34:06,17,Tuesday,March,3
2024-03-05,card,ANON-0000-0000-0025,38.7,Hot Chocolate,17:35:25,17,Tuesday,March,3
2024-03-05,card,ANON-0000-0000-0026,38.7,Cocoa,17:36:28,17,Tuesday,March,3
2024-03-05,card,ANON-0000-0000-0027,38.7,Hot Chocolate,17:37:13,17,Tuesday,March,3
2024-03-05,card,ANON-0000-0000-0009,38.7,Hot Chocolate,17:38:09,17,Tuesday,March,3
2024-03-05,card,ANON-0000-0000-0028,28.9,Cortado,17:56:15,17,Tuesday,March,3
2024-03-05,card,ANON-0000-0000-0028,38.7,Hot Chocolate,18:01:31,18,Tuesday,March,3
2024-03-06,cash,,35.0,Americano with Milk,12:30:27,12,Wednesday,March,3
2024-03-06,card,ANON-0000-0000-0012,28.9,Americano,13:24:07,13,Wednesday,March,3
2024-03-06,card,ANON-0000-0000-0012,28.9,Cortado,13:25:14,13,Wednesday,March,3
2024-03-06,card,ANON-0000-0000-0029,38.7,Cappuccino,14:52:01,14,Wednesday,March,3
2024-03-06,card,ANON-0000-0000-0029,38.7,Cappuccino,14:53:18,14,Wednesday,March,3
2024-03-07,cash,,40.0,Latte,10:08:58,10,Thursday,March,3
2024-03-07,card,ANON-0000-0000-0030,38.7,Hot Chocolate,10:18:40,10,Thursday,March,3
2024-03-07,card,ANON-0000-0000-0031,38.7,Latte,11:03:58,11,Thursday,March,3
2024-03-07,cash,,40.0,Latte,11:25:43,11,Thursday,March,3
2024-03-07,card,ANON-0000-0000-0032,28.9,Americano,15:40:22,15,Thursday,March,3
2024-03-07,card,ANON-0000-0000-0033,33.8,Americano with Milk,15:41:28,15,Thursday,March,3
2024-03-08,card,ANON-0000-0000-0012,28.9,Cortado,10:34:41,10,Friday,March,3
2024-03-08,card,ANON-0000-0000-0034,38.7,Cappuccino,12:22:28,12,Friday,March,3
2024-03-08,card,ANON-0000-0000-0035,28.9,Americano,13:53:02,13,Friday,March,3
2024-03-08,card,ANON-0000-0000-0012,28.9,Americano,14:44:12,14,Friday,March,3
2024-03-08,card,ANON-0000-0000-0033,28.9,Americano,14:45:11,14,Friday,March,3
2024-03-08,card,ANON-0000-0000-0012,33.8,Americano with Milk,14:46:11,14,Friday,March,3
2024-03-08,card,ANON-0000-0000-0036,38.7,Latte,18:57:51,18,Friday,March,3
2024-03-08,card,ANON-0000-0000-0037,38.7,Latte,18:59:24,18,Friday,March,3
2024-03-09,cash,,40.0,Hot Chocolate,11:49:37,11,Saturday,March,3
2024-03-09,card,ANON-0000-0000-0038,24.0,Espresso,12:05:15,12,Saturday,March,3
2024-03-09,card,ANON-0000-0000-0039,28.9,Americano,12:07:38,12,Saturday,March,3
2024-03-09,card,ANON-0000-0000-0012,38.7,Cappuccino,12:09:47,12,Saturday,March,3
2024-03-09,card,ANON-0000-0000-0040,28.9,Americano,12:13:03,12,Saturday,March,3
2024-03-09,card,ANON-0000-0000-0040,28.9,Americano,12:14:26,12,Saturday,March,3
2024-03-09,card,ANON-0000-0000-0041,38.7,Latte,13:09:22,13,Saturday,March,3
2024-03-09,card,ANON-0000-0000-0042,33.8,Americano with Milk,13:41:06,13,Saturday,March,3
2024-03-09,card,ANON-0000-0000-0043,28.9,Cortado,13:53:10,13,Saturday,March,3
2024-03-09,card,ANON-0000-0000-0043,38.7,Cappuccino,13:54:36,13,Saturday,March,3
2024-03-09,card,ANON-0000-0000-0009,33.8,Americano with Milk,14:08:01,14,Saturday,March,3
2024-03-09,card,ANON-0000-0000-0044,38.7,Hot Chocolate,14:26:52,14,Saturday,March,3
2024-03-09,card,ANON-0000-0000-0009,38.7,Cappuccino,19:17:57,19,Saturday,March,3
2024-03-09,card,ANON-0000-0000-0009,38.7,Hot Chocolate,19:19:10,19,Saturday,March,3
2024-03-10,cash,,30.0,Americano,07:44:18,7,Sunday,March,3
2024-03-10,cash,,35.0,Americano with Milk,07:45:29,7,Sunday,March,3
2024-03-10,cash,,40.0,Latte,10:06:02,10,Sunday,March,3
2024-03-10,card,ANON-0000-0000-0045,24.0,Espresso,11:19:20,11,Sunday,March,3
2024-03-10,cash,,35.0,Americano with Milk,17:51:03,17,Sunday,March,3
2024-03-10,card,ANON-0000-0000-0046,38.7,Latte,19:34:00,19,Sunday,March,3
2024-03-10,card,ANON-0000-0000-0046,28.9,Cortado,19:35:54,19,Sunday,March,3
2024-03-11,cash,,40.0,Latte,10:18:46,10,Monday,March,3
2024-03-11,cash,,40.0,Cappuccino,11:24:15,11,Monday,March,3
2024-03-11,cash,,30.0,Cortado,11:24:51,11,Monday,March,3
2024-03-11,cash,,30.0,Americano,11:26:44,11,Monday,March,3
2024-03-11,card,ANON-0000-0000-0035,38.7,Cappuccino,11:32:58,11,Monday,March,3
2024-03-11,card,ANON-0000-0000-0047,28.9,Americano,16:24:26,16,Monday,March,3
2024-03-11,card,ANON-0000-0000-0047,38.7,Latte,16:25:45,16,Monday,March,3
2024-03-11,card,ANON-0000-0000-0048,28.9,Cortado,16:50:49,16,Monday,March,3
2024-03-12,cash,,40.0,Latte,10:15:00,10,Tuesday,March,3
2024-03-12,card,ANON-0000-0000-0033,28.9,Americano,10:15:34,10,Tuesday,March,3
2024-03-12,card,ANON-0000-0000-0033,28.9,Cortado,10:16:24,10,Tuesday,March,3
2024-03-12,card,ANON-0000-0000-0049,38.7,Hot Chocolate,11:20:45,11,Tuesday,March,3
2024-03-12,card,ANON-0000-0000-0004,33.8,Americano with Milk,12:46:23,12,Tuesday,March,3
2024-03-12,card,ANON-0000-0000-0004,28.9,Americano,12:47:26,12,Tuesday,March,3
2024-03-12,card,ANON-0000-0000-0050,28.9,Americano,16:15:43,16,Tuesday,March,3
2024-03-13,card,ANON-0000-0000-0048,38.7,Hot Chocolate,11:06:43,11,Wednesday,March,3
2024-03-13,card,ANON-0000-0000-0004,28.9,Americano,11:48:16,11,Wednesday,March,3
2024-03-13,card,ANON-0000-0000-0051,28.9,Americano,12:18:06,12,Wednesday,March,3
2024-03-13,card,ANON-0000-0000-0051,28.9,Americano,12:19:05,12,Wednesday,March,3
2024-03-13,cash,,25.0,Espresso,12:34:30,12,Wednesday,March,3
2024-03-13,card,ANON-0000-0000-0052,33.8,Americano with Milk,14:26:40,14,Wednesday,March,3
2024-03-13,card,ANON-0000-0000-0053,24.0,Espresso,15:40:22,15,Wednesday,March,3
2024-03-13,card,ANON-0000-0000-0053,24.0,Espresso,15:41:20,15,Wednesday,March,3
2024-03-13,card,ANON-0000-0000-0054,24.0,Espresso,16:47:09,16,Wednesday,March,3
2024-03-14,cash,,40.0,Latte,10:02:12,10,Thursday,March,3
2024-03-14,card,ANON-0000-0000-0055,38.7,Latte,10:28:33,10,Thursday,March,3
2024-03-14,card,ANON-0000-0000-0055,38.7,Hot Chocolate,10:29:34,10,Thursday,March,3
2024-03-14,card,ANON-0000-0000-0012,28.9,Cortado,13:27:29,13,Thursday,March,3
2024-03-14,card,ANON-0000-0000-0012,28.9,Americano,13:28:24,13,Thursday,March,3
2024-03-14,card,ANON-0000-0000-0056,33.8,Americano with Milk,13:51:59,13,Thursday,March,3
2024-03-14,card,ANON-0000-0000-0057,24.0,Espresso,13:52:56,13,Thursday,March,3
2024-03-14,card,ANON-0000-0000-0058,38.7,Latte,15:20:38,15,Thursday,March,3
2024-03-14,card,ANON-0000-0000-0059,33.8,Americano with Milk,16:04:09,16,Thursday,March,3
2024-03-14,card,ANON-0000-0000-0050,24.0,Espresso,16:54:38,16,Thursday,March,3
2024-03-14,card,ANON-0000-0000-0019,38.7,Hot Chocolate,18:58:55,18,Thursday,March,3
2024-03-14,card,ANON-0000-0000-0012,28.9,Cortado,19:00:08,19,Thursday,March,3
2024-03-15,cash,,40.0,Latte,10:02:16,10,Friday,March,3
2024-03-15,card,ANON-0000-0000-0060,38.7,Hot Chocolate,10:53:02,10,Friday,March,3
2024-03-15,card,ANON-0000-0000-0012,28.9,Americano,18:19:27,18,Friday,March,3
2024-03-16,card,ANON-0000-0000-0061,33.8,Americano with Milk,12:06:55,12,Saturday,March,3
2024-03-16,card,ANON-0000-0000-0061,28.9,Americano,12:07:53,12,Saturday,March,3
2024-03-16,card,ANON-0000-0000-0009,28.9,Cortado,15:58:18,15,Saturday,March,3
2024-03-16,card,ANON-0000-0000-0009,28.9,Cortado,16:03:21,16,Saturday,March,3
2024-03-16,card,ANON-0000-0000-0012,28.9,Cortado,16:04:11,16,Saturday,March,3
2024-03-16,card,ANON-0000-0000-0062,33.8,Americano with Milk,17:58:07,17,Saturday,March,3
2024-03-17,cash,,40.0,Latte,10:10:21,10,Sunday,March,3
2024-03-17,card,ANON-0000-0000-0063,28.9,Cortado,12:55:26,12,Sunday,March,3
2024-03-18,card,ANON-0000-0000-0064,28.9,Cortado,11:17:59,11,Monday,March,3
2024-03-18,card,ANON-0000-0000-0003,28.9,Americano,15:31:39,15,Monday,March,3
2024-03-18,card,ANON-0000-0000-0003,28.9,Americano,15:32:38,15,Monday,March,3
2024-03-18,card,ANON-0000-0000-0003,28.9,Americano,15:33:36,15,Monday,March,3
2024-03-19,cash,,30.0,Cortado,10:20:25,10,Tuesday,March,3
2024-03-19,card,ANON-0000-0000-0065,38.7,Latte,14:02:21,14,Tuesday,March,3
2024-03-19,card,ANON-0000-0000-0065,38.7,Latte,14:03:19,14,Tuesday,March,3
2024-03-19,card,ANON-0000-0000-0049,38.7,Hot Chocolate,15:04:36,15,Tuesday,March,3
2024-03-19,card,ANON-0000-0000-0066,33.8,Americano with Milk,16:53:48,16,Tuesday,March,3
2024-03-19,cash,,40.0,Hot Chocolate,19:26:32,19,Tuesday,March,3
2024-03-20,card,ANON-0000-0000-0012,28.9,Cortado,11:41:16,11,Wednesday,March,3
2024-03-20,cash,,40.0,Latte,12:21:07,12,Wednesday,March,3
2024-03-20,card,ANON-0000-0000-0049,28.9,Cortado,12:30:48,12,Wednesday,March,3
2024-03-20,card,ANON-0000-0000-0067,38.7,Cappuccino,13:16:47,13,Wednesday,March,3
2024-03-20,card,ANON-0000-0000-0050,38.7,Cocoa,16:42:38,16,Wednesday,March,3
2024-03-20,card,ANON-0000-0000-0068,38.7,Latte,17:50:28,17,Wednesday,March,3
2024-03-21,cash,,40.0,Cappuccino,10:18:56,10,Thursday,March,3
2024-03-21,card,ANON-0000-0000-0012,28.9,Cortado,12:25:09,12,Thursday,March,3
2024-03-21,card,ANON-0000-0000-0012,38.7,Cappuccino,12:26:17,12,Thursday,March,3
2024-03-21,cash,,30.0,Americano,17:21:01,17,Thursday,March,3
2024-03-21,card,ANON-0000-0000-0012,28.9,Cortado,17:22:01,17,Thursday,March,3
2024-03-21,card,ANON-0000-0000-0069,38.7,Latte,19:20:36,19,Thursday,March,3
2024-03-22,card,ANON-0000-0000-0070,33.8,Americano with Milk,10:35:53,10,Friday,March,3
2024-03-22,card,ANON-0000-0000-0071,33.8,Americano with Milk,13:29:20,13,Friday,March,3
2024-03-22,cash,,40.0,Cappuccino,16:15:14,16,Friday,March,3
2024-03-22,card,ANON-0000-0000-0012,28.9,Americano,17:17:03,17,Friday,March,3
2024-03-22,card,ANON-0000-0000-0012,24.0,Espresso,17:17:58,17,Friday,March,3
2024-03-22,card,ANON-0000-0000-0050,28.9,Americano,17:20:49,17,Friday,March,3
2024-03-23,card,ANON-0000-0000-0072,38.7,Latte,10:43:59,10,Saturday,March,3
2024-03-23,card,ANON-0000-0000-0073,33.8,Americano with Milk,10:45:07,10,Saturday,March,3
2024-03-23,card,ANON-0000-0000-0074,38.7,Cappuccino,13:10:07,13,Saturday,March,3
2024-03-23,card,ANON-0000-0000-0074,38.7,Cocoa,13:11:12,13,Saturday,March,3
2024-03-23,card,ANON-0000-0000-0075,33.8,Americano with Milk,14:44:41,14,Saturday,March,3
2024-03-23,card,ANON-0000-0000-0076,38.7,Latte,15:47:19,15,Saturday,March,3
2024-03-23,card,ANON-0000-0000-0076,33.8,Americano with Milk,15:49:33,15,Saturday,March,3
2024-03-23,card,ANON-0000-0000-0009,28.9,Cortado,16:00:58,16,Saturday,March,3
2024-03-24,cash,,40.0,Latte,10:03:56,10,Sunday,March,3
2024-03-24,card,ANON-0000-0000-0077,38.7,Latte,18:45:08,18,Sunday,March,3
2024-03-25,card,ANON-0000-0000-0009,38.7,Latte,10:31:47,10,Monday,March,3
2024-03-25,cash,,35.0,Americano with Milk,11:16:25,11,Monday,March,3
2024-03-25,card,ANON-0000-0000-0078,38.7,Latte,14:27:09,14,Monday,March,3
2024-03-25,card,ANON-0000-0000-0017,38.7,Latte,14:29:25,14,Monday,March,3
2024-03-25,card,ANON-0000-0000-0024,33.8,Americano with Milk,18:37:30,18,Monday,March,3
2024-03-25,card,ANON-0000-0000-0079,38.7,Cappuccino,19:34:24,19,Monday,March,3
2024-03-26,card,ANON-0000-0000-0055,38.7,Cocoa,10:35:49,10,Tuesday,March,3
2024-03-26,card,ANON-0000-0000-0055,38.7,Latte,10:36:36,10,Tuesday,March,3
2024-03-26,card,ANON-0000-0000-0080,38.7,Latte,10:42:30,10,Tuesday,March,3
2024-03-26,card,ANON-0000-0000-0009,28.9,Cortado,11:11:47,11,Tuesday,March,3
2024-03-26,card,ANON-0000-0000-0003,28.9,Americano,13:35:52,13,Tuesday,March,3
2024-03-26,card,ANON-0000-0000-0032,28.9,Cortado,13:36:49,13,Tuesday,March,3
2024-03-26,card,ANON-0000-0000-0059,28.9,Cortado,13:37:59,13,Tuesday,March,3
2024-03-26,card,ANON-0000-0000-0050,28.9,Americano,13:57:53,13,Tuesday,March,3
2024-03-26,card,ANON-0000-0000-0081,38.7,Latte,15:48:02,15,Tuesday,March,3
2024-03-26,card,ANON-0000-0000-0024,38.7,Latte,18:33:38,18,Tuesday,March,3
2024-03-26,card,ANON-0000-0000-0009,38.7,Hot Chocolate,18:34:54,18,Tuesday,March,3
2024-03-27,card,ANON-0000-0000-0003,28.9,Cortado,11:04:51,11,Wednesday,March,3
2024-03-27,card,ANON-0000-0000-0003,33.8,Americano with Milk,11:05:58,11,Wednesday,March,3
2024-03-27,card,ANON-0000-0000-0082,33.8,Americano with Milk,12:57:00,12,Wednesday,March,3
2024-03-27,card,ANON-0000-0000-0083,38.7,Hot Chocolate,13:35:20,13,Wednesday,March,3
2024-03-27,card,ANON-0000-0000-0012,38.7,Cappuccino,14:22:31,14,Wednesday,March,3
2024-03-27,card,ANON-0000-0000-0012,28.9,Americano,14:23:35,14,Wednesday,March,3
2024-03-27,card,ANON-0000-0000-0084,28.9,Cortado,18:30:11,18,Wednesday,March,3
2024-03-27,cash,,40.0,Latte,19:31:12,19,Wednesday,March,3
2024-03-28,card,ANON-0000-0000-0085,28.9,Cortado,14:24:47,14,Thursday,March,3
2024-03-28,card,ANON-0000-0000-0012,28.9,Cortado,17:24:46,17,Thursday,March,3
2024-03-28,card,ANON-0000-0000-0012,28.9,Americano,17:27:05,17,Thursday,March,3
2024-03-28,card,ANON-0000-0000-0086,38.7,Latte,17:32:44,17,Thursday,March,3
2024-03-29,card,ANON-0000-0000-0087,38.7,Latte,10:56:19,10,Friday,March,3
2024-03-29,card,ANON-0000-0000-0088,38.7,Cappuccino,12:34:17,12,Friday,March,3
2024-03-29,card,ANON-0000-0000-0088,38.7,Cappuccino,12:41:32,12,Friday,March,3
2024-03-29,cash,,40.0,Cappuccino,13:22:44,13,Friday,March,3
2024-03-30,card,ANON-0000-0000-0069,38.7,Latte,11:59:19,11,Saturday,March,3
2024-03-30,cash,,40.0,Cappuccino,13:49:25,13,Saturday,March,3
2024-03-30,card,ANON-0000-0000-0017,38.7,Latte,16:12:31,16,Saturday,March,3
2024-03-30,card,ANON-0000-0000-0009,38.7,Latte,16:36:40,16,Saturday,March,3
2024-03-30,card,ANON-0000-0000-0009,33.8,Americano with Milk,16:37:57,16,Saturday,March,3
2024-03-31,card,ANON-0000-0000-0089,38.7,Cappuccino,10:40:04,10,Sunday,March,3
2024-03-31,cash,,30.0,Americano,19:36:45,19,Sunday,March,3
2024-04-01,card,ANON-0000-0000-0004,28.9,Americano,10:28:47,10,Monday,April,4
2024-04-01,card,ANON-0000-0000-0004,33.8,Americano with Milk,10:29:42,10,Monday,April,4
2024-04-01,card,ANON-0000-0000-0004,33.8,Americano with Milk,10:30:43,10,Monday,April,4
2024-04-01,card,ANON-0000-0000-0009,33.8,Americano with Milk,11:15:43,11,Monday,April,4
2024-04-01,cash,,40.0,Cappuccino,17:01:42,17,Monday,April,4
2024-04-01,card,ANON-0000-0000-0024,33.8,Americano with Milk,18:18:42,18,Monday,April,4
2024-04-01,card,ANON-0000-0000-0090,38.7,Hot Chocolate,18:45:27,18,Monday,April,4
2024-04-02,card,ANON-0000-0000-0001,38.7,Latte,10:01:14,10,Tuesday,April,4
2024-04-02,card,ANON-0000-0000-0003,28.9,Americano,16:18:34,16,Tuesday,April,4
2024-04-02,card,ANON-0000-0000-0003,28.9,Cortado,16:19:28,16,Tuesday,April,4
2024-04-02,cash,,40.0,Cappuccino,19:59:31,19,Tuesday,April,4
2024-04-03,card,ANON-0000-0000-0003,28.9,Cortado,10:19:13,10,Wednesday,April,4
2024-04-03,card,ANON-0000-0000-0003,28.9,Americano,10:20:07,10,Wednesday,April,4
2024-04-03,card,ANON-0000-0000-0012,38.7,Cappuccino,13:12:05,13,Wednesday,April,4
2024-04-03,cash,,30.0,Cortado,15:36:11,15,Wednesday,April,4
2024-04-04,card,ANON-0000-0000-0091,38.7,Latte,10:44:55,10,Thursday,April,4
2024-04-04,card,ANON-0000-0000-0092,38.7,Latte,11:26:38,11,Thursday,April,4
2024-04-04,card,ANON-0000-0000-0093,38.7,Cappuccino,11:27:48,11,Thursday,April,4
2024-04-04,card,ANON-0000-0000-0094,28.9,Cortado,12:23:02,12,Thursday,April,4
2024-04-04,cash,,40.0,Latte,19:42:07,19,Thursday,April,4
2024-04-05,card,ANON-0000-0000-0095,28.9,Americano,10:40:42,10,Friday,April,4
2024-04-05,card,ANON-0000-0000-0012,28.9,Americano,10:42:06,10,Friday,April,4
2024-04-05,card,ANON-0000-0000-0096,28.9,Cortado,11:06:14,11,Friday,April,4
2024-04-05,card,ANON-0000-0000-0097,33.8,Americano with Milk,12:14:27,12,Friday,April,4
2024-04-05,card,ANON-0000-0000-0098,38.7,Latte,14:23:40,14,Friday,April,4
2024-04-05,card,ANON-0000-0000-0098,28.9,Cortado,14:24:50,14,Friday,April,4
2024-04-05,cash,,40.0,Latte,15:30:50,15,Friday,April,4
2024-04-05,cash,,40.0,Cappuccino,15:54:15,15,Friday,April,4
2024-04-05,cash,,30.0,Americano,15:55:30,15,Friday,April,4
2024-04-05,cash,,40.0,Cocoa,16:17:43,16,Friday,April,4
2024-04-05,card,ANON-0000-0000-0003,24.0,Espresso,16:18:23,16,Friday,April,4
2024-04-06,card,ANON-0000-0000-0099,33.8,Americano with Milk,12:32:31,12,Saturday,April,4
2024-04-06,card,ANON-0000-0000-0040,38.7,Cappuccino,14:13:18,14,Saturday,April,4
2024-04-06,card,ANON-0000-0000-0040,28.9,Americano,14:14:27,14,Saturday,April,4
2024-04-06,card,ANON-0000-0000-0009,38.7,Latte,14:49:50,14,Saturday,April,4
2024-04-07,card,ANON-0000-0000-0091,38.7,Latte,10:12:53,10,Sunday,April,4
2024-04-07,card,ANON-0000-0000-0040,38.7,Cappuccino,12:44:31,12,Sunday,April,4
2024-04-07,card,ANON-0000-0000-0040,38.7,Cappuccino,12:46:05,12,Sunday,April,4
2024-04-07,card,ANON-0000-0000-0100,28.9,Cortado,14:16:24,14,Sunday,April,4
2024-04-07,card,ANON-0000-0000-0100,24.0,Espresso,14:17:30,14,Sunday,April,4
2024-04-07,card,ANON-0000-0000-0101,38.7,Hot Chocolate,18:01:16,18,Sunday,April,4
2024-04-07,card,ANON-0000-0000-0101,33.8,Americano with Milk,18:02:03,18,Sunday,April,4
2024-04-08,card,ANON-0000-0000-0102,33.8,Americano with Milk,10:58:21,10,Monday,April,4
2024-04-08,card,ANON-0000-0000-0103,38.7,Cappuccino,10:59:27,10,Monday,April,4
2024-04-08,card,ANON-0000-0000-0012,28.9,Americano,11:01:20,11,Monday,April,4
2024-04-08,card,ANON-0000-0000-0104,38.7,Cappuccino,11:04:47,11,Monday,April,4
2024-04-08,cash,,25.0,Espresso,12:54:25,12,Monday,April,4
2024-04-08,cash,,35.0,Americano with Milk,15:43:36,15,Monday,April,4
2024-04-08,card,ANON-0000-0000-0017,38.7,Latte,16:41:37,16,Monday,April,4
2024-04-08,card,ANON-0000-0000-0105,28.9,Americano,18:18:09,18,Monday,April,4
2024-04-08,card,ANON-0000-0000-0024,33.8,Americano with Milk,19:22:27,19,Monday,April,4
2024-04-08,card,ANON-0000-0000-0106,38.7,Cappuccino,19:23:59,19,Monday,April,4
2024-04-09,cash,,40.0,Cappuccino,10:22:27,10,Tuesday,April,4
2024-04-09,cash,,30.0,Americano,10:24:10,10,Tuesday,April,4
2024-04-09,card,ANON-0000-0000-0091,38.7,Latte,11:42:28,11,Tuesday,April,4
2024-04-09,card,ANON-0000-0000-0107,38.7,Hot Chocolate,15:11:48,15,Tuesday,April,4
2024-04-09,card,ANON-0000-0000-0049,38.7,Hot Chocolate,17:25:23,17,Tuesday,April,4
2024-04-10,cash,,25.0,Espresso,10:21:26,10,Wednesday,April,4
2024-04-10,cash,,40.0,Hot Chocolate,17:55:07,17,Wednesday,April,4
2024-04-10,card,ANON-0000-0000-0108,24.0,Espresso,17:55:31,17,Wednesday,April,4
2024-04-10,card,ANON-0000-0000-0009,38.7,Cappuccino,18:24:59,18,Wednesday,April,4
2024-04-10,card,ANON-0000-0000-0109,38.7,Latte,20:04:05,20,Wednesday,April,4
2024-04-11,card,ANON-0000-0000-0110,28.9,Americano,10:41:23,10,Thursday,April,4
2024-04-11,card,ANON-0000-0000-0110,28.9,Americano,10:42:59,10,Thursday,April,4
2024-04-11,card,ANON-0000-0000-0017,38.7,Latte,16:35:23,16,Thursday,April,4
2024-04-11,card,ANON-0000-0000-0106,38.7,Cappuccino,19:16:56,19,Thursday,April,4
2024-04-11,card,ANON-0000-0000-0024,33.8,Americano with Milk,19:18:36,19,Thursday,April,4
2024-04-12,card,ANON-0000-0000-0019,38.7,Hot Chocolate,19:03:43,19,Friday,April,4
2024-04-12,card,ANON-0000-0000-0009,28.9,Cortado,19:38:23,19,Friday,April,4
2024-04-13,card,ANON-0000-0000-0009,38.7,Latte,12:29:19,12,Saturday,April,4
2024-04-13,card,ANON-0000-0000-0012,28.9,Americano,12:43:02,12,Saturday,April,4
2024-04-13,cash,,40.0,Hot Chocolate,15:06:52,15,Saturday,April,4
2024-04-13,cash,,40.0,Hot Chocolate,15:07:55,15,Saturday,April,4
2024-04-13,card,ANON-0000-0000-0111,38.7,Cappuccino,16:18:03,16,Saturday,April,4
2024-04-13,card,ANON-0000-0000-0111,38.7,Latte,16:19:39,16,Saturday,April,4
2024-04-13,card,ANON-0000-0000-0112,38.7,Cappuccino,17:51:26,17,Saturday,April,4
2024-04-13,card,ANON-0000-0000-0012,38.7,Cappuccino,17:53:19,17,Saturday,April,4
2024-04-14,cash,,40.0,Latte,10:55:27,10,Sunday,April,4
2024-04-14,card,ANON-0000-0000-0113,38.7,Cappuccino,12:24:39,12,Sunday,April,4
2024-04-14,cash,,30.0,Cortado,12:27:08,12,Sunday,April,4
2024-04-14,cash,,30.0,Cortado,12:29:06,12,Sunday,April,4
2024-04-14,cash,,35.0,Americano with Milk,12:31:36,12,Sunday,April,4
2024-04-14,card,ANON-0000-0000-0114,28.9,Cortado,13:21:49,13,Sunday,April,4
2024-04-14,card,ANON-0000-0000-0012,28.9,Americano,14:23:31,14,Sunday,April,4
2024-04-14,card,ANON-0000-0000-0012,28.9,Americano,14:24:26,14,Sunday,April,4
2024-04-14,card,ANON-0000-0000-0012,28.9,Americano,14:25:18,14,Sunday,April,4
2024-04-14,card,ANON-0000-0000-0017,38.7,Cappuccino,15:46:27,15,Sunday,April,4
2024-04-14,card,ANON-0000-0000-0012,28.9,Cortado,16:59:54,16,Sunday,April,4
2024-04-14,card,ANON-0000-0000-0019,38.7,Latte,17:00:45,17,Sunday,April,4
2024-04-14,card,ANON-0000-0000-0115,38.7,Cappuccino,18:38:19,18,Sunday,April,4
2024-04-15,card,ANON-0000-0000-0064,28.9,Americano,11:45:24,11,Monday,April,4
2024-04-15,card,ANON-0000-0000-0003,28.9,Americano,17:01:46,17,Monday,April,4
2024-04-15,card,ANON-0000-0000-0004,33.8,Americano with Milk,17:02:49,17,Monday,April,4
2024-04-15,card,ANON-0000-0000-0009,33.8,Americano with Milk,19:33:03,19,Monday,April,4
2024-04-15,cash,,25.0,Espresso,19:41:58,19,Monday,April,4
2024-04-16,cash,,35.0,Americano with Milk,10:43:49,10,Tuesday,April,4
2024-04-16,card,ANON-0000-0000-0116,33.8,Americano with Milk,10:46:25,10,Tuesday,April,4
2024-04-16,card,ANON-0000-0000-0117,38.7,Cocoa,12:40:47,12,Tuesday,April,4
2024-04-16,card,ANON-0000-0000-0064,28.9,Cortado,12:52:07,12,Tuesday,April,4
2024-04-16,card,ANON-0000-0000-0118,28.9,Americano,15:03:16,15,Tuesday,April,4
2024-04-16,card,ANON-0000-0000-0024,33.8,Americano with Milk,17:42:04,17,Tuesday,April,4
2024-04-16,card,ANON-0000-0000-0009,38.7,Cappuccino,17:43:22,17,Tuesday,April,4
2024-04-16,card,ANON-0000-0000-0050,38.7,Cocoa,18:09:05,18,Tuesday,April,4
2024-04-17,card,ANON-0000-0000-0012,28.9,Americano,13:32:59,13,Wednesday,April,4
2024-04-17,card,ANON-0000-0000-0119,24.0,Espresso,13:44:00,13,Wednesday,April,4
2024-04-17,cash,,40.0,Cappuccino,16:13:24,16,Wednesday,April,4
2024-04-17,card,ANON-0000-0000-0120,38.7,Cappuccino,17:01:35,17,Wednesday,April,4
2024-04-17,card,ANON-0000-0000-0120,38.7,Cappuccino,17:02:40,17,Wednesday,April,4
2024-04-17,card,ANON-0000-0000-0121,28.9,Cortado,18:14:03,18,Wednesday,April,4
2024-04-18,card,ANON-0000-0000-0003,28.9,Americano,11:19:01,11,Thursday,April,4
2024-04-18,card,ANON-0000-0000-0003,28.9,Americano,11:20:05,11,Thursday,April,4
2024-04-18,card,ANON-0000-0000-0122,33.8,Americano with Milk,13:49:12,13,Thursday,April,4
2024-04-18,card,ANON-0000-0000-0122,28.9,Cortado,13:50:17,13,Thursday,April,4
2024-04-18,card,ANON-0000-0000-0123,38.7,Cappuccino,14:34:19,14,Thursday,April,4
2024-04-18,card,ANON-0000-0000-0123,38.7,Latte,14:35:49,14,Thursday,April,4
2024-04-18,card,ANON-0000-0000-0069,38.7,Latte,17:44:15,17,Thursday,April,4
2024-04-18,card,ANON-0000-0000-0085,38.7,Cappuccino,18:21:05,18,Thursday,April,4
2024-04-18,card,ANON-0000-0000-0024,38.7,Hot Chocolate,19:39:51,19,Thursday,April,4
2024-04-18,card,ANON-0000-0000-0009,38.7,Hot Chocolate,19:40:48,19,Thursday,April,4
2024-04-19,card,ANON-0000-0000-0001,38.7,Latte,10:10:36,10,Friday,April,4
2024-04-19,card,ANON-0000-0000-0040,33.8,Americano with Milk,13:11:47,13,Friday,April,4
2024-04-19,card,ANON-0000-0000-0040,38.7,Cappuccino,13:13:20,13,Friday,April,4
2024-04-19,card,ANON-0000-0000-0124,38.7,Hot Chocolate,13:58:54,13,Friday,April,4
2024-04-19,card,ANON-0000-0000-0124,38.7,Cappuccino,13:59:49,13,Friday,April,4
2024-04-19,card,ANON-0000-0000-0024,38.7,Cocoa,18:23:19,18,Friday,April,4
2024-04-19,card,ANON-0000-0000-0009,33.8,Americano with Milk,18:25:33,18,Friday,April,4
2024-04-20,cash,,35.0,Americano with Milk,11:24:42,11,Saturday,April,4
2024-04-20,card,ANON-0000-0000-0125,33.8,Americano with Milk,12:08:35,12,Saturday,April,4
2024-04-20,card,ANON-0000-0000-0125,33.8,Americano with Milk,12:09:42,12,Saturday,April,4
2024-04-20,card,ANON-0000-0000-0118,28.9,Americano,13:08:37,13,Saturday,April,4
2024-04-20,card,ANON-0000-0000-0118,33.8,Americano with Milk,13:09:47,13,Saturday,April,4
2024-04-20,card,ANON-0000-0000-0118,38.7,Hot Chocolate,13:10:55,13,Saturday,April,4
2024-04-20,card,ANON-0000-0000-0040,38.7,Cappuccino,14:44:18,14,Saturday,April,4
2024-04-20,card,ANON-0000-0000-0009,33.8,Americano with Milk,15:11:00,15,Saturday,April,4
2024-04-20,card,ANON-0000-0000-0012,32.82,Americano with Milk,15:22:40,15,Saturday,April,4
2024-04-20,card,ANON-0000-0000-0126,32.82,Americano with Milk,15:49:25,15,Saturday,April,4
2024-04-20,cash,,39.0,Cocoa,17:07:57,17,Saturday,April,4
2024-04-20,card,ANON-0000-0000-0127,37.72,Cappuccino,18:27:41,18,Saturday,April,4
2024-04-20,card,ANON-0000-0000-0127,37.72,Cappuccino,18:28:46,18,Saturday,April,4
2024-04-20,card,ANON-0000-0000-0128,37.72,Latte,19:30:55,19,Saturday,April,4
2024-04-21,card,ANON-0000-0000-0001,37.72,Latte,11:16:45,11,Sunday,April,4
2024-04-21,card,ANON-0000-0000-0099,27.92,Americano,14:15:37,14,Sunday,April,4
2024-04-21,cash,,39.0,Cappuccino,17:09:03,17,Sunday,April,4
2024-04-22,card,ANON-0000-0000-0012,27.92,Americano,11:09:16,11,Monday,April,4
2024-04-22,card,ANON-0000-0000-0129,32.82,Americano with Milk,11:29:27,11,Monday,April,4
2024-04-22,cash,,39.0,Latte,18:40:33,18,Monday,April,4
2024-04-22,card,ANON-0000-0000-0009,37.72,Latte,19:39:04,19,Monday,April,4
2024-04-22,cash,,39.0,Cappuccino,20:02:29,20,Monday,April,4
2024-04-23,card,ANON-0000-0000-0025,37.72,Cappuccino,14:22:35,14,Tuesday,April,4
2024-04-23,card,ANON-0000-0000-0024,32.82,Americano with Milk,14:23:53,14,Tuesday,April,4
2024-04-23,card,ANON-0000-0000-0009,37.72,Cappuccino,14:24:57,14,Tuesday,April,4
2024-04-23,card,ANON-0000-0000-0130,32.82,Americano with Milk,19:42:27,19,Tuesday,April,4
2024-04-23,card,ANON-0000-0000-0130,32.82,Americano with Milk,19:43:26,19,Tuesday,April,4
2024-04-24,card,ANON-0000-0000-0001,37.72,Latte,10:19:38,10,Wednesday,April,4
2024-04-24,card,ANON-0000-0000-0131,32.82,Americano with Milk,10:21:27,10,Wednesday,April,4
2024-04-24,card,ANON-0000-0000-0132,32.82,Americano with Milk,11:23:46,11,Wednesday,April,4
2024-04-24,card,ANON-0000-0000-0133,32.82,Americano with Milk,11:33:26,11,Wednesday,April,4
2024-04-24,card,ANON-0000-0000-0059,32.82,Americano with Milk,12:39:09,12,Wednesday,April,4
2024-04-24,card,ANON-0000-0000-0009,32.82,Americano with Milk,16:39:07,16,Wednesday,April,4
2024-04-24,card,ANON-0000-0000-0134,32.82,Americano with Milk,19:39:49,19,Wednesday,April,4
2024-04-24,card,ANON-0000-0000-0134,37.72,Cappuccino,19:40:54,19,Wednesday,April,4
2024-04-25,card,ANON-0000-0000-0135,27.92,Americano,10:46:08,10,Thursday,April,4
2024-04-25,card,ANON-0000-0000-0009,37.72,Latte,15:18:26,15,Thursday,April,4
2024-04-25,card,ANON-0000-0000-0012,27.92,Americano,17:09:43,17,Thursday,April,4
2024-04-25,card,ANON-0000-0000-0012,27.92,Americano,17:10:49,17,Thursday,April,4
2024-04-26,card,ANON-0000-0000-0001,37.72,Latte,10:12:50,10,Friday,April,4
2024-04-26,card,ANON-0000-0000-0136,37.72,Latte,12:01:30,12,Friday,April,4
2024-04-26,card,ANON-0000-0000-0137,37.72,Cappuccino,13:31:28,13,Friday,April,4
2024-04-26,card,ANON-0000-0000-0012,27.92,Americano,15:32:35,15,Friday,April,4
2024-04-26,card,ANON-0000-0000-0012,27.92,Americano,15:33:33,15,Friday,April,4
2024-04-26,card,ANON-0000-0000-0138,27.92,Cortado,16:23:26,16,Friday,April,4
2024-04-26,card,ANON-0000-0000-0139,27.92,Americano,16:24:33,16,Friday,April,4
2024-04-26,card,ANON-0000-0000-0009,37.72,Hot Chocolate,19:32:07,19,Friday,April,4
2024-04-26,card,ANON-0000-0000-0009,37.72,Cocoa,19:33:30,19,Friday,April,4
2024-04-27,card,ANON-0000-0000-0009,37.72,Cappuccino,15:27:00,15,Saturday,April,4
2024-04-28,card,ANON-0000-0000-0001,37.72,Latte,10:32:52,10,Sunday,April,4
2024-04-28,card,ANON-0000-0000-0140,37.72,Cappuccino,12:30:09,12,Sunday,April,4
2024-04-28,card,ANON-0000-0000-0012,27.92,Americano,18:27:08,18,Sunday,April,4
2024-04-28,card,ANON-0000-0000-0012,27.92,Americano,18:28:11,18,Sunday,April,4
2024-04-28,card,ANON-0000-0000-0019,37.72,Latte,18:29:02,18,Sunday,April,4
2024-04-29,card,ANON-0000-0000-0141,27.92,Cortado,11:26:31,11,Monday,April,4
2024-04-29,card,ANON-0000-0000-0003,27.92,Americano,13:27:56,13,Monday,April,4
2024-04-29,card,ANON-0000-0000-0003,27.92,Cortado,13:28:53,13,Monday,April,4
2024-04-29,card,ANON-0000-0000-0141,27.92,Cortado,13:53:35,13,Monday,April,4
2024-04-29,card,ANON-0000-0000-0141,32.82,Americano with Milk,13:54:24,13,Monday,April,4
2024-04-29,card,ANON-0000-0000-0140,37.72,Cappuccino,18:37:48,18,Monday,April,4
2024-04-29,card,ANON-0000-0000-0134,37.72,Cappuccino,19:12:33,19,Monday,April,4
2024-04-29,card,ANON-0000-0000-0134,37.72,Cappuccino,19:13:37,19,Monday,April,4
2024-04-30,card,ANON-0000-0000-0142,37.72,Latte,10:16:41,10,Tuesday,April,4
2024-04-30,card,ANON-0000-0000-0142,32.82,Americano with Milk,10:34:52,10,Tuesday,April,4
2024-04-30,card,ANON-0000-0000-0142,32.82,Americano with Milk,10:35:47,10,Tuesday,April,4
2024-04-30,card,ANON-0000-0000-0142,27.92,Americano,13:41:52,13,Tuesday,April,4
2024-04-30,card,ANON-0000-0000-0142,32.82,Americano with Milk,13:42:59,13,Tuesday,April,4
2024-04-30,card,ANON-0000-0000-0142,37.72,Cappuccino,19:19:18,19,Tuesday,April,4
2024-04-30,card,ANON-0000-0000-0142,32.82,Americano with Milk,19:30:04,19,Tuesday,April,4
2024-04-30,card,ANON-0000-0000-0142,37.72,Latte,19:31:20,19,Tuesday,April,4
2024-05-02,card,ANON-0000-0000-0143,27.92,Americano,10:33:55,10,Thursday,May,5
2024-05-02,cash,,39.0,Latte,11:29:57,11,Thursday,May,5
2024-05-02,card,ANON-0000-0000-0133,32.82,Americano with Milk,13:49:39,13,Thursday,May,5
2024-05-02,card,ANON-0000-0000-0144,37.72,Cappuccino,18:36:22,18,Thursday,May,5
2024-05-02,card,ANON-0000-0000-0024,32.82,Americano with Milk,18:41:11,18,Thursday,May,5
2024-05-02,card,ANON-0000-0000-0145,37.72,Latte,19:18:33,19,Thursday,May,5
2024-05-02,card,ANON-0000-0000-0145,37.72,Cappuccino,19:19:56,19,Thursday,May,5
2024-05-03,cash,,39.0,Latte,10:11:53,10,Friday,May,5
2024-05-03,card,ANON-0000-0000-0146,37.72,Latte,14:30:00,14,Friday,May,5
2024-05-03,card,ANON-0000-0000-0147,37.72,Latte,17:03:24,17,Friday,May,5
2024-05-06,card,ANON-0000-0000-0148,27.92,Americano,10:05:17,10,Monday,May,5
2024-05-06,card,ANON-0000-0000-0149,37.72,Cappuccino,10:06:51,10,Monday,May,5
2024-05-06,card,ANON-0000-0000-0149,32.82,Americano with Milk,10:08:05,10,Monday,May,5
2024-05-06,card,ANON-0000-0000-0150,27.92,Americano,10:09:07,10,Monday,May,5
2024-05-06,card,ANON-0000-0000-0141,27.92,Cortado,10:39:12,10,Monday,May,5
2024-05-06,cash,,29.0,Americano,11:34:20,11,Monday,May,5
2024-05-06,card,ANON-0000-0000-0148,27.92,Cortado,13:18:10,13,Monday,May,5
2024-05-06,card,ANON-0000-0000-0148,27.92,Americano,13:19:00,13,Monday,May,5
2024-05-06,card,ANON-0000-0000-0151,37.72,Cappuccino,19:18:12,19,Monday,May,5
2024-05-06,card,ANON-0000-0000-0151,37.72,Cappuccino,19:19:49,19,Monday,May,5
2024-05-07,card,ANON-0000-0000-0148,37.72,Cocoa,10:44:55,10,Tuesday,May,5
2024-05-07,card,ANON-0000-0000-0141,27.92,Cortado,11:21:58,11,Tuesday,May,5
2024-05-07,card,ANON-0000-0000-0077,27.92,Cortado,13:23:34,13,Tuesday,May,5
2024-05-07,card,ANON-0000-0000-0148,37.72,Cocoa,16:42:07,16,Tuesday,May,5
2024-05-07,card,ANON-0000-0000-0152,27.92,Americano,16:55:38,16,Tuesday,May,5
2024-05-07,card,ANON-0000-0000-0153,37.72,Cappuccino,17:37:46,17,Tuesday,May,5
2024-05-07,card,ANON-0000-0000-0153,37.72,Latte,17:38:48,17,Tuesday,May,5
2024-05-07,cash,,34.0,Americano with Milk,18:35:37,18,Tuesday,May,5
2024-05-07,card,ANON-0000-0000-0154,37.72,Cappuccino,19:12:12,19,Tuesday,May,5
2024-05-07,card,ANON-0000-0000-0154,37.72,Cappuccino,19:13:12,19,Tuesday,May,5
2024-05-08,card,ANON-0000-0000-0001,37.72,Latte,10:07:28,10,Wednesday,May,5
2024-05-09,card,ANON-0000-0000-0155,37.72,Cappuccino,12:54:21,12,Thursday,May,5
2024-05-09,card,ANON-0000-0000-0156,27.92,Americano,13:03:58,13,Thursday,May,5
2024-05-09,card,ANON-0000-0000-0156,37.72,Latte,13:04:57,13,Thursday,May,5
2024-05-09,card,ANON-0000-0000-0156,37.72,Latte,13:06:11,13,Thursday,May,5
2024-05-09,card,ANON-0000-0000-0156,37.72,Latte,13:07:16,13,Thursday,May,5
2024-05-09,card,ANON-0000-0000-0118,27.92,Americano,16:55:14,16,Thursday,May,5
2024-05-09,card,ANON-0000-0000-0118,27.92,Americano,16:56:14,16,Thursday,May,5
2024-05-09,card,ANON-0000-0000-0157,27.92,Americano,18:01:29,18,Thursday,May,5
2024-05-09,card,ANON-0000-0000-0143,32.82,Americano with Milk,18:13:56,18,Thursday,May,5
2024-05-10,cash,,39.0,Latte,10:09:21,10,Friday,May,5
2024-05-10,card,ANON-0000-0000-0158,37.72,Latte,15:46:21,15,Friday,May,5
2024-05-10,card,ANON-0000-0000-0158,37.72,Latte,15:47:32,15,Friday,May,5
2024-05-10,cash,,34.0,Americano with Milk,16:20:15,16,Friday,May,5
2024-05-11,card,ANON-0000-0000-0069,37.72,Latte,11:39:52,11,Saturday,May,5
2024-05-11,cash,,39.0,Latte,17:02:43,17,Saturday,May,5
2024-05-11,card,ANON-0000-0000-0009,32.82,Americano with Milk,17:20:30,17,Saturday,May,5
2024-05-11,card,ANON-0000-0000-0026,37.72,Cocoa,17:21:56,17,Saturday,May,5
2024-05-11,card,ANON-0000-0000-0040,37.72,Cappuccino,17:23:57,17,Saturday,May,5
2024-05-11,card,ANON-0000-0000-0012,32.82,Americano with Milk,17:28:54,17,Saturday,May,5
2024-05-11,card,ANON-0000-0000-0115,37.72,Cappuccino,18:35:40,18,Saturday,May,5
2024-05-11,card,ANON-0000-0000-0159,37.72,Latte,19:38:16,19,Saturday,May,5
2024-05-12,card,ANON-0000-0000-0001,37.72,Latte,10:20:42,10,Sunday,May,5
2024-05-12,card,ANON-0000-0000-0160,37.72,Latte,13:24:03,13,Sunday,May,5
2024-05-12,card,ANON-0000-0000-0161,27.92,Americano,13:27:39,13,Sunday,May,5
2024-05-12,card,ANON-0000-0000-0077,37.72,Latte,15:16:19,15,Sunday,May,5
2024-05-12,card,ANON-0000-0000-0162,32.82,Americano with Milk,15:38:02,15,Sunday,May,5
2024-05-12,card,ANON-0000-0000-0163,32.82,Americano with Milk,15:52:14,15,Sunday,May,5
2024-05-12,card,ANON-0000-0000-0012,32.82,Americano with Milk,16:04:21,16,Sunday,May,5
2024-05-12,card,ANON-0000-0000-0009,32.82,Americano with Milk,19:41:30,19,Sunday,May,5
2024-05-13,card,ANON-0000-0000-0164,32.82,Americano with Milk,11:03:53,11,Monday,May,5
2024-05-13,cash,,29.0,Americano,15:31:10,15,Monday,May,5
2024-05-13,cash,,29.0,Americano,15:31:50,15,Monday,May,5
2024-05-14,card,ANON-0000-0000-0012,27.92,Americano,08:38:14,8,Tuesday,May,5
2024-05-14,card,ANON-0000-0000-0012,27.92,Americano,08:39:25,8,Tuesday,May,5
2024-05-14,card,ANON-0000-0000-0012,27.92,Americano,08:40:17,8,Tuesday,May,5
2024-05-14,card,ANON-0000-0000-0012,37.72,Cappuccino,10:19:23,10,Tuesday,May,5
2024-05-14,card,ANON-0000-0000-0165,37.72,Latte,11:32:29,11,Tuesday,May,5
2024-05-14,card,ANON-0000-0000-0165,37.72,Cappuccino,11:34:12,11,Tuesday,May,5
2024-05-14,card,ANON-0000-0000-0025,37.72,Cappuccino,14:04:54,14,Tuesday,May,5
2024-05-14,card,ANON-0000-0000-0009,32.82,Americano with Milk,14:06:00,14,Tuesday,May,5
2024-05-14,card,ANON-0000-0000-0040,27.92,Americano,15:01:54,15,Tuesday,May,5
2024-05-14,card,ANON-0000-0000-0166,32.82,Americano with Milk,16:57:57,16,Tuesday,May,5
2024-05-14,card,ANON-0000-0000-0166,37.72,Cappuccino,16:59:10,16,Tuesday,May,5
2024-05-14,card,ANON-0000-0000-0167,37.72,Hot Chocolate,22:51:25,22,Tuesday,May,5
2024-05-15,card,ANON-0000-0000-0168,37.72,Latte,08:40:05,8,Wednesday,May,5
2024-05-15,card,ANON-0000-0000-0012,23.02,Espresso,11:14:19,11,Wednesday,May,5
2024-05-15,card,ANON-0000-0000-0012,27.92,Americano,11:19:10,11,Wednesday,May,5
2024-05-15,card,ANON-0000-0000-0003,27.92,Americano,13:34:35,13,Wednesday,May,5
2024-05-15,card,ANON-0000-0000-0003,27.92,Americano,13:35:29,13,Wednesday,May,5
2024-05-15,card,ANON-0000-0000-0003,27.92,Americano,13:36:27,13,Wednesday,May,5
2024-05-15,card,ANON-0000-0000-0164,32.82,Americano with Milk,13:55:28,13,Wednesday,May,5
2024-05-15,cash,,29.0,Americano,14:38:10,14,Wednesday,May,5
2024-05-15,card,ANON-0000-0000-0169,27.92,Cortado,14:38:52,14,Wednesday,May,5
2024-05-15,card,ANON-0000-0000-0012,27.92,Cortado,14:39:44,14,Wednesday,May,5
2024-05-15,card,ANON-0000-0000-0170,23.02,Espresso,17:28:58,17,Wednesday,May,5
2024-05-15,card,ANON-0000-0000-0171,37.72,Cappuccino,20:20:34,20,Wednesday,May,5
2024-05-16,card,ANON-0000-0000-0097,32.82,Americano with Milk,10:38:42,10,Thursday,May,5
2024-05-16,card,ANON-0000-0000-0172,32.82,Americano with Milk,10:39:49,10,Thursday,May,5
2024-05-16,cash,,39.0,Latte,11:42:50,11,Thursday,May,5
2024-05-16,cash,,39.0,Cappuccino,11:44:20,11,Thursday,May,5
2024-05-16,card,ANON-0000-0000-0173,32.82,Americano with Milk,12:14:00,12,Thursday,May,5
2024-05-16,card,ANON-0000-0000-0174,37.72,Hot Chocolate,15:15:16,15,Thursday,May,5
2024-05-16,card,ANON-0000-0000-0069,37.72,Latte,17:44:31,17,Thursday,May,5
2024-05-16,card,ANON-0000-0000-0175,37.72,Hot Chocolate,18:12:56,18,Thursday,May,5
2024-05-16,card,ANON-0000-0000-0175,37.72,Latte,18:13:58,18,Thursday,May,5
2024-05-17,card,ANON-0000-0000-0033,27.92,Americano,09:00:48,9,Friday,May,5
2024-05-17,card,ANON-0000-0000-0164,32.82,Americano with Milk,11:30:27,11,Friday,May,5
2024-05-17,cash,,34.0,Americano with Milk,14:58:03,14,Friday,May,5
2024-05-17,card,ANON-0000-0000-0012,32.82,Americano with Milk,19:55:18,19,Friday,May,5
2024-05-17,card,ANON-0000-0000-0009,37.72,Cappuccino,19:56:46,19,Friday,May,5
2024-05-17,card,ANON-0000-0000-0176,37.72,Cappuccino,20:37:52,20,Friday,May,5
2024-05-17,card,ANON-0000-0000-0177,27.92,Americano,22:34:50,22,Friday,May,5
2024-05-17,card,ANON-0000-0000-0178,37.72,Latte,22:36:33,22,Friday,May,5
2024-05-17,card,ANON-0000-0000-0179,37.72,Latte,22:37:42,22,Friday,May,5
2024-05-18,card,ANON-0000-0000-0180,37.72,Cappuccino,08:01:37,8,Saturday,May,5
2024-05-18,card,ANON-0000-0000-0180,37.72,Cappuccino,08:02:39,8,Saturday,May,5
2024-05-18,card,ANON-0000-0000-0181,32.82,Americano with Milk,11:15:56,11,Saturday,May,5
2024-05-18,card,ANON-0000-0000-0172,32.82,Americano with Milk,16:48:29,16,Saturday,May,5
2024-05-18,card,ANON-0000-0000-0097,32.82,Americano with Milk,16:49:27,16,Saturday,May,5
2024-05-18,card,ANON-0000-0000-0040,32.82,Americano with Milk,19:58:44,19,Saturday,May,5
2024-05-18,card,ANON-0000-0000-0009,37.72,Latte,20:22:53,20,Saturday,May,5
2024-05-18,cash,,39.0,Cappuccino,22:05:27,22,Saturday,May,5
2024-05-19,card,ANON-0000-0000-0182,27.92,Americano,07:58:38,7,Sunday,May,5
2024-05-19,card,ANON-0000-0000-0182,27.92,Americano,07:59:33,7,Sunday,May,5
2024-05-19,card,ANON-0000-0000-0183,37.72,Cappuccino,08:00:35,8,Sunday,May,5
2024-05-19,cash,,24.0,Espresso,09:28:49,9,Sunday,May,5
2024-05-19,card,ANON-0000-0000-0184,32.82,Americano with Milk,12:14:26,12,Sunday,May,5
2024-05-19,card,ANON-0000-0000-0012,27.92,Americano,14:43:40,14,Sunday,May,5
2024-05-19,card,ANON-0000-0000-0185,32.82,Americano with Milk,15:58:58,15,Sunday,May,5
2024-05-19,card,ANON-0000-0000-0186,32.82,Americano with Milk,18:12:36,18,Sunday,May,5
2024-05-19,card,ANON-0000-0000-0186,23.02,Espresso,18:13:47,18,Sunday,May,5
2024-05-19,card,ANON-0000-0000-0186,37.72,Hot Chocolate,18:16:30,18,Sunday,May,5
2024-05-19,card,ANON-0000-0000-0187,37.72,Cappuccino,19:51:06,19,Sunday,May,5
2024-05-19,card,ANON-0000-0000-0188,37.72,Cappuccino,21:15:41,21,Sunday,May,5
2024-05-19,card,ANON-0000-0000-0189,37.72,Cappuccino,21:18:36,21,Sunday,May,5
2024-05-20,card,ANON-0000-0000-0190,32.82,Americano with Milk,10:05:59,10,Monday,May,5
2024-05-20,card,ANON-0000-0000-0191,37.72,Latte,10:17:51,10,Monday,May,5
2024-05-20,card,ANON-0000-0000-0001,37.72,Latte,10:58:48,10,Monday,May,5
2024-05-20,card,ANON-0000-0000-0143,27.92,Americano,11:15:16,11,Monday,May,5
2024-05-20,card,ANON-0000-0000-0143,27.92,Americano,11:16:19,11,Monday,May,5
2024-05-20,card,ANON-0000-0000-0003,27.92,Americano,13:27:13,13,Monday,May,5
2024-05-20,card,ANON-0000-0000-0003,27.92,Americano,13:28:10,13,Monday,May,5
2024-05-20,card,ANON-0000-0000-0192,32.82,Americano with Milk,14:13:19,14,Monday,May,5
2024-05-20,card,ANON-0000-0000-0192,37.72,Cappuccino,14:14:31,14,Monday,May,5
2024-05-20,cash,,29.0,Americano,14:32:21,14,Monday,May,5
2024-05-20,card,ANON-0000-0000-0120,37.72,Latte,17:12:51,17,Monday,May,5
2024-05-20,card,ANON-0000-0000-0193,37.72,Latte,17:13:56,17,Monday,May,5
2024-05-20,card,ANON-0000-0000-0194,32.82,Americano with Milk,20:36:48,20,Monday,May,5
2024-05-20,card,ANON-0000-0000-0194,37.72,Cocoa,20:37:57,20,Monday,May,5
2024-05-20,card,ANON-0000-0000-0195,27.92,Cortado,20:46:52,20,Monday,May,5
2024-05-20,card,ANON-0000-0000-0012,32.82,Americano with Milk,21:36:53,21,Monday,May,5
2024-05-20,card,ANON-0000-0000-0012,32.82,Americano with Milk,21:37:57,21,Monday,May,5
2024-05-21,card,ANON-0000-0000-0196,37.72,Latte,08:27:38,8,Tuesday,May,5
2024-05-21,cash,,29.0,Americano,09:43:50,9,Tuesday,May,5
2024-05-21,cash,,34.0,Americano with Milk,09:44:40,9,Tuesday,May,5
2024-05-21,cash,,39.0,Cocoa,09:46:09,9,Tuesday,May,5
2024-05-21,cash,,39.0,Latte,10:05:08,10,Tuesday,May,5
2024-05-21,card,ANON-0000-0000-0197,37.72,Latte,16:10:19,16,Tuesday,May,5
2024-05-21,card,ANON-0000-0000-0012,23.02,Espresso,18:13:23,18,Tuesday,May,5
2024-05-21,card,ANON-0000-0000-0198,37.72,Cappuccino,19:11:09,19,Tuesday,May,5
2024-05-21,card,ANON-0000-0000-0199,37.72,Cappuccino,20:13:48,20,Tuesday,May,5
2024-05-22,card,ANON-0000-0000-0200,37.72,Cappuccino,09:34:41,9,Wednesday,May,5
2024-05-22,card,ANON-0000-0000-0191,32.82,Americano with Milk,10:49:47,10,Wednesday,May,5
2024-05-22,card,ANON-0000-0000-0141,27.92,Cortado,11:18:14,11,Wednesday,May,5
2024-05-22,card,ANON-0000-0000-0097,32.82,Americano with Milk,11:34:54,11,Wednesday,May,5
2024-05-22,card,ANON-0000-0000-0012,27.92,Americano,12:29:50,12,Wednesday,May,5
2024-05-22,card,ANON-0000-0000-0012,27.92,Americano,12:30:43,12,Wednesday,May,5
2024-05-22,card,ANON-0000-0000-0009,32.82,Americano with Milk,14:00:20,14,Wednesday,May,5
2024-05-22,card,ANON-0000-0000-0134,37.72,Cappuccino,19:24:58,19,Wednesday,May,5
2024-05-22,card,ANON-0000-0000-0134,37.72,Cappuccino,19:25:58,19,Wednesday,May,5
2024-05-22,card,ANON-0000-0000-0180,37.72,Hot Chocolate,21:23:53,21,Wednesday,May,5
2024-05-22,card,ANON-0000-0000-0180,37.72,Cappuccino,21:24:49,21,Wednesday,May,5
2024-05-23,card,ANON-0000-0000-0201,37.72,Cappuccino,10:10:19,10,Thursday,May,5
2024-05-23,card,ANON-0000-0000-0202,23.02,Espresso,12:22:06,12,Thursday,May,5
2024-05-23,card,ANON-0000-0000-0180,37.72,Cappuccino,15:55:16,15,Thursday,May,5
2024-05-23,card,ANON-0000-0000-0203,37.72,Cappuccino,15:56:27,15,Thursday,May,5
2024-05-23,card,ANON-0000-0000-0180,37.72,Cappuccino,16:18:14,16,Thursday,May,5
2024-05-23,card,ANON-0000-0000-0077,37.72,Latte,16:41:00,16,Thursday,May,5
2024-05-23,card,ANON-0000-0000-0153,37.72,Cappuccino,17:14:33,17,Thursday,May,5
2024-05-23,card,ANON-0000-0000-0153,37.72,Latte,17:15:44,17,Thursday,May,5
2024-05-23,card,ANON-0000-0000-0204,27.92,Cortado,19:03:53,19,Thursday,May,5
2024-05-23,card,ANON-0000-0000-0134,37.72,Cappuccino,19:17:28,19,Thursday,May,5
2024-05-23,card,ANON-0000-0000-0205,37.72,Cappuccino,19:18:26,19,Thursday,May,5
2024-05-23,card,ANON-0000-0000-0206,37.72,Cappuccino,19:42:31,19,Thursday,May,5
2024-05-23,card,ANON-0000-0000-0207,37.72,Cappuccino,20:15:01,20,Thursday,May,5
2024-05-23,card,ANON-0000-0000-0207,37.72,Latte,20:16:24,20,Thursday,May,5
2024-05-23,card,ANON-0000-0000-0208,32.82,Americano with Milk,22:48:10,22,Thursday,May,5
2024-05-23,cash,,39.0,Hot Chocolate,22:55:36,22,Thursday,May,5
2024-05-24,card,ANON-0000-0000-0141,27.92,Cortado,11:11:59,11,Friday,May,5
2024-05-24,card,ANON-0000-0000-0012,27.92,Americano,11:15:08,11,Friday,May,5
2024-05-24,card,ANON-0000-0000-0012,27.92,Americano,11:16:13,11,Friday,May,5
2024-05-24,card,ANON-0000-0000-0081,37.72,Hot Chocolate,16:07:19,16,Friday,May,5
2024-05-24,card,ANON-0000-0000-0209,27.92,Cortado,18:17:40,18,Friday,May,5
2024-05-24,card,ANON-0000-0000-0209,27.92,Cortado,18:18:36,18,Friday,May,5
2024-05-24,card,ANON-0000-0000-0210,32.82,Americano with Milk,22:30:40,22,Friday,May,5
2024-05-25,cash,,29.0,Americano,07:40:58,7,Saturday,May,5
2024-05-25,card,ANON-0000-0000-0211,37.72,Latte,12:13:53,12,Saturday,May,5
2024-05-25,cash,,29.0,Americano,12:40:23,12,Saturday,May,5
2024-05-25,card,ANON-0000-0000-0212,32.82,Americano with Milk,12:42:10,12,Saturday,May,5
2024-05-25,card,ANON-0000-0000-0212,32.82,Americano with Milk,12:43:13,12,Saturday,May,5
2024-05-25,card,ANON-0000-0000-0213,32.82,Americano with Milk,12:58:12,12,Saturday,May,5
2024-05-25,card,ANON-0000-0000-0040,32.82,Americano with Milk,16:47:09,16,Saturday,May,5
2024-05-25,card,ANON-0000-0000-0040,27.92,Americano,16:48:16,16,Saturday,May,5
2024-05-26,card,ANON-0000-0000-0001,37.72,Latte,10:20:02,10,Sunday,May,5
2024-05-26,card,ANON-0000-0000-0214,32.82,Americano with Milk,14:24:49,14,Sunday,May,5
2024-05-26,card,ANON-0000-0000-0215,27.92,Cortado,14:26:05,14,Sunday,May,5
2024-05-26,card,ANON-0000-0000-0216,32.82,Americano with Milk,14:40:58,14,Sunday,May,5
2024-05-26,card,ANON-0000-0000-0217,37.72,Cappuccino,17:19:15,17,Sunday,May,5
2024-05-26,card,ANON-0000-0000-0218,37.72,Hot Chocolate,18:09:52,18,Sunday,May,5
2024-05-26,card,ANON-0000-0000-0218,37.72,Hot Chocolate,18:11:02,18,Sunday,May,5
2024-05-26,card,ANON-0000-0000-0218,27.92,Americano,18:13:14,18,Sunday,May,5
2024-05-26,card,ANON-0000-0000-0219,37.72,Latte,18:39:18,18,Sunday,May,5
2024-05-26,card,ANON-0000-0000-0220,37.72,Hot Chocolate,20:59:14,20,Sunday,May,5
2024-05-26,card,ANON-0000-0000-0220,37.72,Cappuccino,21:00:05,21,Sunday,May,5
2024-05-26,card,ANON-0000-0000-0221,27.92,Cortado,21:02:36,21,Sunday,May,5
2024-05-26,card,ANON-0000-0000-0222,37.72,Cappuccino,21:03:51,21,Sunday,May,5
2024-05-26,card,ANON-0000-0000-0221,37.72,Latte,21:04:58,21,Sunday,May,5
2024-05-26,card,ANON-0000-0000-0223,37.72,Cappuccino,21:06:02,21,Sunday,May,5
2024-05-27,card,ANON-0000-0000-0012,27.92,Americano,11:34:55,11,Monday,May,5
2024-05-27,card,ANON-0000-0000-0224,32.82,Americano with Milk,14:05:21,14,Monday,May,5
2024-05-27,card,ANON-0000-0000-0224,37.72,Cocoa,14:06:43,14,Monday,May,5
2024-05-27,card,ANON-0000-0000-0225,27.92,Americano,15:11:34,15,Monday,May,5
2024-05-27,card,ANON-0000-0000-0225,27.92,Americano,15:14:05,15,Monday,May,5
2024-05-27,card,ANON-0000-0000-0203,37.72,Latte,17:50:55,17,Monday,May,5
2024-05-27,card,ANON-0000-0000-0226,27.92,Americano,18:00:50,18,Monday,May,5
2024-05-27,card,ANON-0000-0000-0227,37.72,Latte,19:16:27,19,Monday,May,5
2024-05-27,card,ANON-0000-0000-0228,37.72,Latte,19:17:38,19,Monday,May,5
2024-05-27,card,ANON-0000-0000-0192,32.82,Americano with Milk,21:29:07,21,Monday,May,5
2024-05-27,card,ANON-0000-0000-0206,37.72,Cappuccino,21:30:19,21,Monday,May,5
2024-05-28,card,ANON-0000-0000-0012,32.82,Americano with Milk,08:37:09,8,Tuesday,May,5
2024-05-28,card,ANON-0000-0000-0097,32.82,Americano with Milk,09:20:10,9,Tuesday,May,5
2024-05-28,card,ANON-0000-0000-0229,37.72,Cappuccino,11:48:18,11,Tuesday,May,5
2024-05-28,card,ANON-0000-0000-0230,37.72,Cappuccino,13:14:40,13,Tuesday,May,5
2024-05-28,card,ANON-0000-0000-0194,37.72,Cocoa,14:10:53,14,Tuesday,May,5
2024-05-28,card,ANON-0000-0000-0141,27.92,Cortado,16:25:39,16,Tuesday,May,5
2024-05-28,cash,,39.0,Cappuccino,17:21:43,17,Tuesday,May,5
2024-05-28,card,ANON-0000-0000-0231,27.92,Americano,19:09:29,19,Tuesday,May,5
2024-05-28,card,ANON-0000-0000-0231,37.72,Latte,19:10:31,19,Tuesday,May,5
2024-05-28,card,ANON-0000-0000-0009,32.82,Americano with Milk,20:24:32,20,Tuesday,May,5
2024-05-28,card,ANON-0000-0000-0012,27.92,Americano,20:50:19,20,Tuesday,May,5
2024-05-29,card,ANON-0000-0000-0232,37.72,Latte,09:14:43,9,Wednesday,May,5
2024-05-29,cash,,39.0,Latte,10:48:46,10,Wednesday,May,5
2024-05-29,card,ANON-0000-0000-0233,37.72,Hot Chocolate,11:14:02,11,Wednesday,May,5
2024-05-29,card,ANON-0000-0000-0234,27.92,Americano,15:10:48,15,Wednesday,May,5
2024-05-29,card,ANON-0000-0000-0235,37.72,Latte,15:22:56,15,Wednesday,May,5
2024-05-29,card,ANON-0000-0000-0236,37.72,Cappuccino,15:45:12,15,Wednesday,May,5
2024-05-29,card,ANON-0000-0000-0237,37.72,Latte,16:45:03,16,Wednesday,May,5
2024-05-29,card,ANON-0000-0000-0238,27.92,Cortado,18:24:03,18,Wednesday,May,5
2024-05-29,card,ANON-0000-0000-0238,37.72,Latte,18:24:59,18,Wednesday,May,5
2024-05-29,card,ANON-0000-0000-0239,37.72,Hot Chocolate,20:30:42,20,Wednesday,May,5
2024-05-29,card,ANON-0000-0000-0240,37.72,Cocoa,20:32:35,20,Wednesday,May,5
2024-05-30,card,ANON-0000-0000-0241,37.72,Cappuccino,08:29:06,8,Thursday,May,5
2024-05-30,card,ANON-0000-0000-0241,37.72,Latte,08:30:21,8,Thursday,May,5
2024-05-30,card,ANON-0000-0000-0242,32.82,Americano with Milk,08:37:05,8,Thursday,May,5
2024-05-30,card,ANON-0000-0000-0001,37.72,Latte,09:47:59,9,Thursday,May,5
2024-05-30,card,ANON-0000-0000-0097,32.82,Americano with Milk,14:56:15,14,Thursday,May,5
2024-05-30,card,ANON-0000-0000-0243,23.02,Espresso,15:16:15,15,Thursday,May,5
2024-05-30,card,ANON-0000-0000-0012,23.02,Espresso,15:17:38,15,Thursday,May,5
2024-05-30,card,ANON-0000-0000-0206,37.72,Cappuccino,19:53:11,19,Thursday,May,5
2024-05-30,card,ANON-0000-0000-0244,37.72,Latte,20:31:05,20,Thursday,May,5
2024-05-30,card,ANON-0000-0000-0009,37.72,Hot Chocolate,20:46:13,20,Thursday,May,5
2024-05-30,card,ANON-0000-0000-0009,32.82,Americano with Milk,20:47:21,20,Thursday,May,5
2024-05-31,card,ANON-0000-0000-0245,32.82,Americano with Milk,07:53:57,7,Friday,May,5
2024-05-31,card,ANON-0000-0000-0246,37.72,Latte,09:21:07,9,Friday,May,5
2024-05-31,cash,,39.0,Latte,09:23:58,9,Friday,May,5
2024-05-31,card,ANON-0000-0000-0247,37.72,Hot Chocolate,10:38:07,10,Friday,May,5
2024-05-31,card,ANON-0000-0000-0248,37.72,Cocoa,10:39:06,10,Friday,May,5
2024-05-31,card,ANON-0000-0000-0249,32.82,Americano with Milk,14:50:12,14,Friday,May,5
2024-05-31,card,ANON-0000-0000-0250,37.72,Latte,18:23:44,18,Friday,May,5
2024-05-31,card,ANON-0000-0000-0250,37.72,Latte,18:25:03,18,Friday,May,5
2024-05-31,card,ANON-0000-0000-0180,37.72,Cappuccino,20:06:39,20,Friday,May,5
2024-05-31,card,ANON-0000-0000-0134,32.82,Americano with Milk,20:33:06,20,Friday,May,5
2024-05-31,card,ANON-0000-0000-0134,37.72,Latte,20:34:32,20,Friday,May,5
2024-05-31,card,ANON-0000-0000-0206,37.72,Cappuccino,22:05:47,22,Friday,May,5
2024-05-31,card,ANON-0000-0000-0206,32.82,Americano with Milk,22:06:52,22,Friday,May,5
2024-05-31,card,ANON-0000-0000-0206,27.92,Cortado,22:07:55,22,Friday,May,5
2024-06-01,card,ANON-0000-0000-0141,27.92,Cortado,08:27:01,8,Saturday,June,6
2024-06-01,card,ANON-0000-0000-0232,37.72,Latte,09:48:24,9,Saturday,June,6
2024-06-01,card,ANON-0000-0000-0250,37.72,Latte,11:38:09,11,Saturday,June,6
2024-06-01,card,ANON-0000-0000-0097,32.82,Americano with Milk,14:28:53,14,Saturday,June,6
2024-06-01,card,ANON-0000-0000-0251,32.82,Americano with Milk,18:20:12,18,Saturday,June,6
2024-06-01,card,ANON-0000-0000-0251,32.82,Americano with Milk,18:21:15,18,Saturday,June,6
2024-06-01,card,ANON-0000-0000-0154,37.72,Cappuccino,20:50:10,20,Saturday,June,6
2024-06-01,card,ANON-0000-0000-0154,37.72,Cappuccino,20:51:13,20,Saturday,June,6
2024-06-01,cash,,39.0,Cocoa,20:54:59,20,Saturday,June,6
2024-06-01,card,ANON-0000-0000-0252,37.72,Cocoa,20:59:09,20,Saturday,June,6
2024-06-01,card,ANON-0000-0000-0009,32.82,Americano with Milk,21:51:04,21,Saturday,June,6
2024-06-02,card,ANON-0000-0000-0009,37.72,Latte,20:03:25,20,Sunday,June,6
2024-06-02,card,ANON-0000-0000-0040,32.82,Americano with Milk,20:24:02,20,Sunday,June,6
2024-06-02,card,ANON-0000-0000-0040,37.72,Cappuccino,20:25:07,20,Sunday,June,6
2024-06-02,card,ANON-0000-0000-0097,32.82,Americano with Milk,21:07:20,21,Sunday,June,6
2024-06-02,card,ANON-0000-0000-0253,37.72,Latte,21:30:12,21,Sunday,June,6
2024-06-02,cash,,34.0,Americano with Milk,22:43:10,22,Sunday,June,6
2024-06-03,card,ANON-0000-0000-0001,37.72,Latte,10:12:04,10,Monday,June,6
2024-06-03,card,ANON-0000-0000-0191,37.72,Latte,10:27:49,10,Monday,June,6
2024-06-03,card,ANON-0000-0000-0025,37.72,Cappuccino,14:31:42,14,Monday,June,6
2024-06-03,card,ANON-0000-0000-0024,32.82,Americano with Milk,14:33:00,14,Monday,June,6
2024-06-03,card,ANON-0000-0000-0009,37.72,Latte,14:34:06,14,Monday,June,6
2024-06-03,cash,,34.0,Americano with Milk,21:42:51,21,Monday,June,6
2024-06-03,cash,,34.0,Americano with Milk,21:43:37,21,Monday,June,6
2024-06-04,card,ANON-0000-0000-0141,27.92,Cortado,09:23:42,9,Tuesday,June,6
2024-06-04,card,ANON-0000-0000-0097,32.82,Americano with Milk,10:27:13,10,Tuesday,June,6
2024-06-04,card,ANON-0000-0000-0254,37.72,Latte,12:02:10,12,Tuesday,June,6
2024-06-04,card,ANON-0000-0000-0254,37.72,Hot Chocolate,12:05:29,12,Tuesday,June,6
2024-06-04,card,ANON-0000-0000-0255,37.72,Latte,15:30:32,15,Tuesday,June,6
2024-06-04,card,ANON-0000-0000-0192,27.92,Cortado,17:46:36,17,Tuesday,June,6
2024-06-04,card,ANON-0000-0000-0192,37.72,Cappuccino,17:47:28,17,Tuesday,June,6
2024-06-04,card,ANON-0000-0000-0256,37.72,Hot Chocolate,20:13:01,20,Tuesday,June,6
2024-06-04,card,ANON-0000-0000-0257,37.72,Cappuccino,20:50:33,20,Tuesday,June,6
2024-06-04,card,ANON-0000-0000-0258,27.92,Cortado,21:31:58,21,Tuesday,June,6
2024-06-04,card,ANON-0000-0000-0259,32.82,Americano with Milk,21:33:02,21,Tuesday,June,6
2024-06-04,card,ANON-0000-0000-0260,32.82,Americano with Milk,21:34:55,21,Tuesday,June,6
2024-06-04,card,ANON-0000-0000-0260,32.82,Americano with Milk,21:36:06,21,Tuesday,June,6
2024-06-04,card,ANON-0000-0000-0260,32.82,Americano with Milk,21:37:15,21,Tuesday,June,6
2024-06-05,card,ANON-0000-0000-0261,37.72,Cappuccino,08:21:48,8,Wednesday,June,6
2024-06-05,card,ANON-0000-0000-0261,37.72,Cappuccino,08:23:06,8,Wednesday,June,6
2024-06-05,card,ANON-0000-0000-0262,27.92,Americano,09:22:43,9,Wednesday,June,6
2024-06-05,card,ANON-0000-0000-0001,37.72,Latte,10:28:50,10,Wednesday,June,6
2024-06-05,card,ANON-0000-0000-0097,32.82,Americano with Milk,10:40:53,10,Wednesday,June,6
2024-06-05,card,ANON-0000-0000-0263,32.82,Americano with Milk,19:43:57,19,Wednesday,June,6
2024-06-05,card,ANON-0000-0000-0264,37.72,Latte,19:59:53,19,Wednesday,June,6
2024-06-05,card,ANON-0000-0000-0220,37.72,Cocoa,20:10:47,20,Wednesday,June,6
2024-06-05,card,ANON-0000-0000-0220,27.92,Cortado,20:12:01,20,Wednesday,June,6
2024-06-06,card,ANON-0000-0000-0097,32.82,Americano with Milk,08:52:56,8,Thursday,June,6
2024-06-06,card,ANON-0000-0000-0097,32.82,Americano with Milk,08:54:08,8,Thursday,June,6
2024-06-06,card,ANON-0000-0000-0001,37.72,Latte,10:36:09,10,Thursday,June,6
2024-06-06,card,ANON-0000-0000-0265,27.92,Americano,12:17:41,12,Thursday,June,6
2024-06-06,card,ANON-0000-0000-0224,32.82,Americano with Milk,15:11:14,15,Thursday,June,6
2024-06-06,card,ANON-0000-0000-0266,37.72,Cappuccino,15:24:06,15,Thursday,June,6
2024-06-06,card,ANON-0000-0000-0267,37.72,Latte,21:14:05,21,Thursday,June,6
2024-06-06,card,ANON-0000-0000-0267,37.72,Latte,21:15:42,21,Thursday,June,6
2024-06-06,card,ANON-0000-0000-0206,37.72,Cappuccino,21:18:26,21,Thursday,June,6
2024-06-06,card,ANON-0000-0000-0206,32.82,Americano with Milk,21:19:30,21,Thursday,June,6
2024-06-06,card,ANON-0000-0000-0267,37.72,Latte,21:21:04,21,Thursday,June,6
2024-06-07,card,ANON-0000-0000-0268,37.72,Cappuccino,08:18:04,8,Friday,June,6
2024-06-07,card,ANON-0000-0000-0269,23.02,Espresso,10:35:28,10,Friday,June,6
2024-06-07,card,ANON-0000-0000-0164,32.82,Americano with Milk,13:34:18,13,Friday,June,6
2024-06-07,card,ANON-0000-0000-0270,27.92,Cortado,16:45:42,16,Friday,June,6
2024-06-07,card,ANON-0000-0000-0270,27.92,Cortado,16:47:15,16,Friday,June,6
2024-06-08,card,ANON-0000-0000-0271,27.92,Cortado,09:04:20,9,Saturday,June,6
2024-06-08,card,ANON-0000-0000-0097,32.82,Americano with Milk,09:26:11,9,Saturday,June,6
2024-06-08,card,ANON-0000-0000-0134,37.72,Cappuccino,20:24:54,20,Saturday,June,6
2024-06-08,card,ANON-0000-0000-0134,37.72,Cappuccino,20:25:56,20,Saturday,June,6
2024-06-09,card,ANON-0000-0000-0097,37.72,Latte,08:15:52,8,Sunday,June,6
2024-06-09,card,ANON-0000-0000-0272,37.72,Latte,10:30:04,10,Sunday,June,6
2024-06-09,card,ANON-0000-0000-0273,37.72,Cappuccino,10:52:05,10,Sunday,June,6
2024-06-09,card,ANON-0000-0000-0141,27.92,Cortado,11:04:41,11,Sunday,June,6
2024-06-09,card,ANON-0000-0000-0274,23.02,Espresso,11:07:08,11,Sunday,June,6
2024-06-09,card,ANON-0000-0000-0275,37.72,Cappuccino,11:52:49,11,Sunday,June,6
2024-06-09,card,ANON-0000-0000-0276,32.82,Americano with Milk,12:11:23,12,Sunday,June,6
2024-06-09,card,ANON-0000-0000-0276,37.72,Latte,12:13:08,12,Sunday,June,6
2024-06-09,card,ANON-0000-0000-0276,37.72,Latte,12:14:10,12,Sunday,June,6
2024-06-09,card,ANON-0000-0000-0277,27.92,Cortado,15:10:30,15,Sunday,June,6
2024-06-09,card,ANON-0000-0000-0278,37.72,Cappuccino,16:17:28,16,Sunday,June,6
2024-06-09,card,ANON-0000-0000-0279,32.82,Americano with Milk,19:21:19,19,Sunday,June,6
2024-06-09,card,ANON-0000-0000-0280,27.92,Americano,21:05:08,21,Sunday,June,6
2024-06-10,card,ANON-0000-0000-0281,37.72,Cappuccino,12:47:49,12,Monday,June,6
2024-06-10,card,ANON-0000-0000-0097,37.72,Latte,12:56:48,12,Monday,June,6
2024-06-10,card,ANON-0000-0000-0282,37.72,Hot Chocolate,19:04:28,19,Monday,June,6
2024-06-10,card,ANON-0000-0000-0282,37.72,Hot Chocolate,19:05:22,19,Monday,June,6
2024-06-10,card,ANON-0000-0000-0283,37.72,Latte,19:37:23,19,Monday,June,6
2024-06-10,card,ANON-0000-0000-0283,37.72,Latte,19:38:19,19,Monday,June,6
2024-06-11,card,ANON-0000-0000-0284,32.82,Americano with Milk,10:38:03,10,Tuesday,June,6
2024-06-11,card,ANON-0000-0000-0285,37.72,Latte,18:48:25,18,Tuesday,June,6
2024-06-11,card,ANON-0000-0000-0285,37.72,Latte,18:49:36,18,Tuesday,June,6
2024-06-11,card,ANON-0000-0000-0286,37.72,Hot Chocolate,21:17:03,21,Tuesday,June,6
2024-06-11,card,ANON-0000-0000-0287,32.82,Americano with Milk,21:27:41,21,Tuesday,June,6
2024-06-11,card,ANON-0000-0000-0287,32.82,Americano with Milk,21:28:50,21,Tuesday,June,6
2024-06-12,card,ANON-0000-0000-0288,37.72,Hot Chocolate,10:18:18,10,Wednesday,June,6
2024-06-12,card,ANON-0000-0000-0289,37.72,Cappuccino,11:51:43,11,Wednesday,June,6
2024-06-12,card,ANON-0000-0000-0283,37.72,Latte,17:41:17,17,Wednesday,June,6
2024-06-12,card,ANON-0000-0000-0290,37.72,Latte,17:47:27,17,Wednesday,June,6
2024-06-12,card,ANON-0000-0000-0256,37.72,Hot Chocolate,20:16:33,20,Wednesday,June,6
2024-06-12,card,ANON-0000-0000-0291,32.82,Americano with Milk,20:25:34,20,Wednesday,June,6
2024-06-13,card,ANON-0000-0000-0292,27.92,Americano,08:54:24,8,Thursday,June,6
2024-06-13,card,ANON-0000-0000-0097,37.72,Latte,08:57:25,8,Thursday,June,6
2024-06-13,card,ANON-0000-0000-0293,32.82,Americano with Milk,09:50:25,9,Thursday,June,6
2024-06-13,card,ANON-0000-0000-0141,27.92,Cortado,09:57:11,9,Thursday,June,6
2024-06-13,card,ANON-0000-0000-0294,32.82,Americano with Milk,17:04:58,17,Thursday,June,6
2024-06-13,card,ANON-0000-0000-0295,37.72,Hot Chocolate,17:27:46,17,Thursday,June,6
2024-06-13,card,ANON-0000-0000-0296,37.72,Latte,19:22:19,19,Thursday,June,6
2024-06-13,card,ANON-0000-0000-0012,32.82,Americano with Milk,20:20:51,20,Thursday,June,6
2024-06-13,card,ANON-0000-0000-0012,23.02,Espresso,20:43:45,20,Thursday,June,6
2024-06-13,card,ANON-0000-0000-0295,23.02,Espresso,20:45:00,20,Thursday,June,6
2024-06-13,card,ANON-0000-0000-0009,32.82,Americano with Milk,20:48:17,20,Thursday,June,6
2024-06-13,card,ANON-0000-0000-0009,32.82,Americano with Milk,21:02:28,21,Thursday,June,6
2024-06-14,card,ANON-0000-0000-0141,27.92,Cortado,07:46:13,7,Friday,June,6
2024-06-14,card,ANON-0000-0000-0297,27.92,Americano,10:30:31,10,Friday,June,6
2024-06-14,card,ANON-0000-0000-0097,37.72,Latte,12:14:41,12,Friday,June,6
2024-06-14,card,ANON-0000-0000-0298,32.82,Americano with Milk,18:29:53,18,Friday,June,6
2024-06-15,card,ANON-0000-0000-0299,37.72,Cappuccino,11:26:01,11,Saturday,June,6
2024-06-15,card,ANON-0000-0000-0300,37.72,Latte,12:21:28,12,Saturday,June,6
2024-06-15,card,ANON-0000-0000-0300,32.82,Americano with Milk,12:22:46,12,Saturday,June,6
2024-06-15,card,ANON-0000-0000-0300,23.02,Espresso,12:23:52,12,Saturday,June,6
2024-06-15,card,ANON-0000-0000-0300,37.72,Cocoa,12:24:35,12,Saturday,June,6
2024-06-15,card,ANON-0000-0000-0300,32.82,Americano with Milk,12:25:23,12,Saturday,June,6
2024-06-15,card,ANON-0000-0000-0301,32.82,Americano with Milk,16:03:29,16,Saturday,June,6
2024-06-15,card,ANON-0000-0000-0302,27.92,Americano,18:14:04,18,Saturday,June,6
2024-06-16,card,ANON-0000-0000-0059,32.82,Americano with Milk,10:43:51,10,Sunday,June,6
2024-06-16,card,ANON-0000-0000-0303,37.72,Latte,10:58:41,10,Sunday,June,6
2024-06-16,card,ANON-0000-0000-0303,37.72,Hot Chocolate,11:00:38,11,Sunday,June,6
2024-06-16,card,ANON-0000-0000-0303,37.72,Hot Chocolate,11:01:41,11,Sunday,June,6
2024-06-16,card,ANON-0000-0000-0276,32.82,Americano with Milk,12:49:27,12,Sunday,June,6
2024-06-16,card,ANON-0000-0000-0274,23.02,Espresso,14:00:38,14,Sunday,June,6
2024-06-16,card,ANON-0000-0000-0304,32.82,Americano with Milk,15:02:36,15,Sunday,June,6
2024-06-16,card,ANON-0000-0000-0304,32.82,Americano with Milk,15:05:10,15,Sunday,June,6
2024-06-16,card,ANON-0000-0000-0305,37.72,Hot Chocolate,15:43:59,15,Sunday,June,6
2024-06-16,card,ANON-0000-0000-0306,37.72,Hot Chocolate,16:47:36,16,Sunday,June,6
2024-06-16,card,ANON-0000-0000-0059,32.82,Americano with Milk,17:45:17,17,Sunday,June,6
2024-06-16,card,ANON-0000-0000-0059,32.82,Americano with Milk,17:46:16,17,Sunday,June,6
2024-06-17,card,ANON-0000-0000-0307,27.92,Americano,08:57:24,8,Monday,June,6
2024-06-17,card,ANON-0000-0000-0308,27.92,Cortado,10:12:05,10,Monday,June,6
2024-06-17,card,ANON-0000-0000-0308,27.92,Cortado,10:13:37,10,Monday,June,6
2024-06-17,card,ANON-0000-0000-0042,37.72,Cappuccino,10:55:51,10,Monday,June,6
2024-06-17,card,ANON-0000-0000-0164,37.72,Cappuccino,14:51:35,14,Monday,June,6
2024-06-17,card,ANON-0000-0000-0012,37.72,Cappuccino,16:50:13,16,Monday,June,6
2024-06-17,card,ANON-0000-0000-0012,37.72,Cappuccino,16:51:11,16,Monday,June,6
2024-06-17,card,ANON-0000-0000-0012,27.92,Americano,16:52:36,16,Monday,June,6
2024-06-17,card,ANON-0000-0000-0309,27.92,Americano,18:51:19,18,Monday,June,6
2024-06-17,card,ANON-0000-0000-0009,32.82,Americano with Milk,21:16:11,21,Monday,June,6
2024-06-18,card,ANON-0000-0000-0299,27.92,Americano,14:04:06,14,Tuesday,June,6
2024-06-18,card,ANON-0000-0000-0299,37.72,Cappuccino,14:05:12,14,Tuesday,June,6
2024-06-18,card,ANON-0000-0000-0154,37.72,Cappuccino,19:20:40,19,Tuesday,June,6
2024-06-18,card,ANON-0000-0000-0154,37.72,Cappuccino,19:21:38,19,Tuesday,June,6
2024-06-18,card,ANON-0000-0000-0310,27.92,Cortado,20:35:49,20,Tuesday,June,6
2024-06-18,card,ANON-0000-0000-0012,32.82,Americano with Milk,21:20:49,21,Tuesday,June,6
2024-06-18,card,ANON-0000-0000-0012,32.82,Americano with Milk,21:22:18,21,Tuesday,June,6
2024-06-19,card,ANON-0000-0000-0311,37.72,Latte,07:47:19,7,Wednesday,June,6
2024-06-19,card,ANON-0000-0000-0141,27.92,Cortado,08:17:54,8,Wednesday,June,6
2024-06-19,card,ANON-0000-0000-0312,27.92,Americano,10:54:00,10,Wednesday,June,6
2024-06-19,card,ANON-0000-0000-0313,37.72,Latte,11:11:27,11,Wednesday,June,6
2024-06-19,card,ANON-0000-0000-0313,37.72,Cocoa,11:12:31,11,Wednesday,June,6
2024-06-19,card,ANON-0000-0000-0164,32.82,Americano with Milk,14:21:36,14,Wednesday,June,6
2024-06-19,card,ANON-0000-0000-0153,37.72,Cappuccino,18:28:43,18,Wednesday,June,6
2024-06-19,card,ANON-0000-0000-0153,37.72,Latte,18:29:58,18,Wednesday,June,6
2024-06-19,card,ANON-0000-0000-0009,32.82,Americano with Milk,19:31:31,19,Wednesday,June,6
2024-06-19,card,ANON-0000-0000-0192,37.72,Cappuccino,21:28:59,21,Wednesday,June,6
2024-06-19,card,ANON-0000-0000-0192,32.82,Americano with Milk,21:30:03,21,Wednesday,June,6
2024-06-20,card,ANON-0000-0000-0097,37.72,Latte,10:50:06,10,Thursday,June,6
2024-06-20,card,ANON-0000-0000-0314,37.72,Latte,18:59:02,18,Thursday,June,6
2024-06-20,card,ANON-0000-0000-0314,37.72,Latte,19:00:00,19,Thursday,June,6
2024-06-20,card,ANON-0000-0000-0257,37.72,Latte,21:39:10,21,Thursday,June,6
2024-06-20,card,ANON-0000-0000-0009,37.72,Latte,21:57:40,21,Thursday,June,6
2024-06-20,card,ANON-0000-0000-0009,32.82,Americano with Milk,21:59:17,21,Thursday,June,6
2024-06-21,card,ANON-0000-0000-0311,37.72,Latte,09:59:55,9,Friday,June,6
2024-06-21,card,ANON-0000-0000-0315,27.92,Americano,10:01:40,10,Friday,June,6
2024-06-21,card,ANON-0000-0000-0012,32.82,Americano with Milk,13:19:19,13,Friday,June,6
2024-06-21,card,ANON-0000-0000-0012,32.82,Americano with Milk,13:20:31,13,Friday,June,6
2024-06-21,card,ANON-0000-0000-0316,23.02,Espresso,18:12:16,18,Friday,June,6
2024-06-21,card,ANON-0000-0000-0009,37.72,Latte,19:30:26,19,Friday,June,6
2024-06-21,card,ANON-0000-0000-0154,37.72,Cappuccino,19:47:06,19,Friday,June,6
2024-06-21,card,ANON-0000-0000-0154,37.72,Cappuccino,19:48:06,19,Friday,June,6
2024-06-21,card,ANON-0000-0000-0180,37.72,Cappuccino,19:49:54,19,Friday,June,6
2024-06-21,card,ANON-0000-0000-0180,37.72,Cappuccino,19:51:00,19,Friday,June,6
2024-06-21,card,ANON-0000-0000-0180,27.92,Americano,19:52:18,19,Friday,June,6
2024-06-21,card,ANON-0000-0000-0311,32.82,Americano with Milk,19:55:37,19,Friday,June,6
2024-06-22,card,ANON-0000-0000-0141,27.92,Cortado,08:39:50,8,Saturday,June,6
2024-06-22,card,ANON-0000-0000-0311,32.82,Americano with Milk,09:37:48,9,Saturday,June,6
2024-06-22,card,ANON-0000-0000-0317,32.82,Americano with Milk,12:53:15,12,Saturday,June,6
2024-06-22,card,ANON-0000-0000-0009,37.72,Latte,15:37:20,15,Saturday,June,6
2024-06-22,card,ANON-0000-0000-0318,37.72,Cappuccino,22:10:22,22,Saturday,June,6
2024-06-23,card,ANON-0000-0000-0012,32.82,Americano with Milk,18:12:01,18,Sunday,June,6
2024-06-23,card,ANON-0000-0000-0012,32.82,Americano with Milk,18:13:50,18,Sunday,June,6
2024-06-23,card,ANON-0000-0000-0319,37.72,Cappuccino,21:06:46,21,Sunday,June,6
2024-06-23,card,ANON-0000-0000-0320,37.72,Latte,21:29:07,21,Sunday,June,6
2024-06-23,card,ANON-0000-0000-0320,37.72,Cappuccino,21:30:36,21,Sunday,June,6
2024-06-24,card,ANON-0000-0000-0164,32.82,Americano with Milk,11:44:39,11,Monday,June,6
2024-06-24,card,ANON-0000-0000-0180,37.72,Cappuccino,11:49:36,11,Monday,June,6
2024-06-24,card,ANON-0000-0000-0180,37.72,Cappuccino,11:50:44,11,Monday,June,6
2024-06-24,card,ANON-0000-0000-0321,37.72,Latte,15:02:28,15,Monday,June,6
2024-06-24,card,ANON-0000-0000-0203,37.72,Cappuccino,16:46:00,16,Monday,June,6
2024-06-24,card,ANON-0000-0000-0203,37.72,Cappuccino,16:47:00,16,Monday,June,6
2024-06-25,card,ANON-0000-0000-0322,37.72,Latte,08:19:24,8,Tuesday,June,6
2024-06-25,card,ANON-0000-0000-0012,32.82,Americano with Milk,10:28:26,10,Tuesday,June,6
2024-06-25,card,ANON-0000-0000-0040,32.82,Americano with Milk,10:29:42,10,Tuesday,June,6
2024-06-25,card,ANON-0000-0000-0203,37.72,Cappuccino,11:34:52,11,Tuesday,June,6
2024-06-26,card,ANON-0000-0000-0323,37.72,Latte,09:33:01,9,Wednesday,June,6
2024-06-26,card,ANON-0000-0000-0324,23.02,Espresso,16:32:29,16,Wednesday,June,6
2024-06-26,card,ANON-0000-0000-0325,27.92,Americano,16:34:01,16,Wednesday,June,6
2024-06-26,card,ANON-0000-0000-0009,37.72,Latte,21:21:53,21,Wednesday,June,6
2024-06-26,card,ANON-0000-0000-0009,37.72,Cappuccino,21:27:00,21,Wednesday,June,6
2024-06-26,card,ANON-0000-0000-0206,32.82,Americano with Milk,21:28:14,21,Wednesday,June,6
2024-06-27,card,ANON-0000-0000-0326,32.82,Americano with Milk,09:15:43,9,Thursday,June,6
2024-06-27,card,ANON-0000-0000-0327,27.92,Cortado,16:11:48,16,Thursday,June,6
2024-06-27,card,ANON-0000-0000-0328,32.82,Americano with Milk,21:44:03,21,Thursday,June,6
2024-06-27,card,ANON-0000-0000-0329,37.72,Cappuccino,21:50:31,21,Thursday,June,6
2024-06-28,card,ANON-0000-0000-0141,27.92,Cortado,08:08:35,8,Friday,June,6
2024-06-28,card,ANON-0000-0000-0274,23.02,Espresso,17:51:53,17,Friday,June,6
2024-06-28,card,ANON-0000-0000-0330,32.82,Americano with Milk,21:50:55,21,Friday,June,6
2024-06-28,card,ANON-0000-0000-0331,37.72,Latte,21:52:01,21,Friday,June,6
2024-06-28,card,ANON-0000-0000-0332,37.72,Cappuccino,22:28:19,22,Friday,June,6
2024-06-29,card,ANON-0000-0000-0097,32.82,Americano with Milk,09:47:10,9,Saturday,June,6
2024-06-29,card,ANON-0000-0000-0333,32.82,Americano with Milk,11:40:19,11,Saturday,June,6
2024-06-29,card,ANON-0000-0000-0333,32.82,Americano with Milk,11:41:26,11,Saturday,June,6
2024-06-29,card,ANON-0000-0000-0334,37.72,Cappuccino,12:30:24,12,Saturday,June,6
2024-06-29,card,ANON-0000-0000-0334,37.72,Cappuccino,12:31:42,12,Saturday,June,6
2024-06-29,card,ANON-0000-0000-0335,37.72,Cappuccino,17:23:43,17,Saturday,June,6
2024-06-29,card,ANON-0000-0000-0335,37.72,Hot Chocolate,17:24:52,17,Saturday,June,6
2024-06-29,card,ANON-0000-0000-0009,37.72,Latte,21:27:22,21,Saturday,June,6
2024-06-30,card,ANON-0000-0000-0336,37.72,Latte,10:28:09,10,Sunday,June,6
2024-06-30,card,ANON-0000-0000-0337,23.02,Espresso,13:05:50,13,Sunday,June,6
2024-06-30,card,ANON-0000-0000-0009,37.72,Hot Chocolate,16:54:41,16,Sunday,June,6
2024-06-30,card,ANON-0000-0000-0097,32.82,Americano with Milk,21:04:09,21,Sunday,June,6
2024-07-01,card,ANON-0000-0000-0012,23.02,Espresso,18:07:26,18,Monday,July,7
2024-07-01,card,ANON-0000-0000-0338,37.72,Cappuccino,18:56:51,18,Monday,July,7
2024-07-01,card,ANON-0000-0000-0339,37.72,Cappuccino,18:57:54,18,Monday,July,7
2024-07-02,card,ANON-0000-0000-0304,32.82,Americano with Milk,10:42:54,10,Tuesday,July,7
2024-07-02,card,ANON-0000-0000-0304,27.92,Americano,10:45:00,10,Tuesday,July,7
2024-07-02,card,ANON-0000-0000-0019,37.72,Latte,12:48:05,12,Tuesday,July,7
2024-07-02,card,ANON-0000-0000-0340,27.92,Americano,14:03:13,14,Tuesday,July,7
2024-07-02,card,ANON-0000-0000-0341,32.82,Americano with Milk,16:31:24,16,Tuesday,July,7
2024-07-02,card,ANON-0000-0000-0329,32.82,Americano with Milk,22:02:23,22,Tuesday,July,7
2024-07-03,card,ANON-0000-0000-0012,32.82,Americano with Milk,13:51:14,13,Wednesday,July,7
2024-07-03,card,ANON-0000-0000-0342,37.72,Cappuccino,16:01:16,16,Wednesday,July,7
2024-07-03,card,ANON-0000-0000-0343,37.72,Cappuccino,16:50:25,16,Wednesday,July,7
2024-07-03,card,ANON-0000-0000-0270,32.82,Americano with Milk,16:53:15,16,Wednesday,July,7
2024-07-03,card,ANON-0000-0000-0344,32.82,Americano with Milk,16:54:22,16,Wednesday,July,7
2024-07-03,card,ANON-0000-0000-0270,37.72,Latte,16:55:31,16,Wednesday,July,7
2024-07-03,card,ANON-0000-0000-0345,23.02,Espresso,16:59:25,16,Wednesday,July,7
2024-07-03,card,ANON-0000-0000-0346,37.72,Cappuccino,17:59:01,17,Wednesday,July,7
2024-07-03,card,ANON-0000-0000-0009,37.72,Latte,19:06:09,19,Wednesday,July,7
2024-07-04,card,ANON-0000-0000-0143,32.82,Americano with Milk,10:26:23,10,Thursday,July,7
2024-07-04,card,ANON-0000-0000-0012,27.92,Americano,10:27:30,10,Thursday,July,7
2024-07-05,card,ANON-0000-0000-0058,37.72,Cocoa,12:20:28,12,Friday,July,7
2024-07-05,card,ANON-0000-0000-0040,32.82,Americano with Milk,13:43:43,13,Friday,July,7
2024-07-05,card,ANON-0000-0000-0347,32.82,Americano with Milk,13:44:43,13,Friday,July,7
2024-07-05,card,ANON-0000-0000-0348,23.02,Espresso,18:55:56,18,Friday,July,7
2024-07-05,card,ANON-0000-0000-0099,27.92,Americano,19:55:07,19,Friday,July,7
2024-07-05,card,ANON-0000-0000-0349,23.02,Espresso,22:11:56,22,Friday,July,7
2024-07-05,card,ANON-0000-0000-0350,27.92,Americano,22:18:03,22,Friday,July,7
2024-07-05,card,ANON-0000-0000-0350,27.92,Americano,22:18:56,22,Friday,July,7
2024-07-05,card,ANON-0000-0000-0351,37.72,Cappuccino,22:20:01,22,Friday,July,7
2024-07-05,card,ANON-0000-0000-0351,32.82,Americano with Milk,22:21:09,22,Friday,July,7
2024-07-06,card,ANON-0000-0000-0352,37.72,Latte,10:28:06,10,Saturday,July,7
2024-07-06,card,ANON-0000-0000-0009,32.82,Latte,17:15:46,17,Saturday,July,7
2024-07-06,card,ANON-0000-0000-0009,32.82,Latte,17:17:01,17,Saturday,July,7
2024-07-06,card,ANON-0000-0000-0012,32.82,Latte,19:09:46,19,Saturday,July,7
2024-07-06,card,ANON-0000-0000-0012,27.92,Americano with Milk,19:10:39,19,Saturday,July,7
2024-07-07,card,ANON-0000-0000-0303,32.82,Cappuccino,09:04:20,9,Sunday,July,7
2024-07-07,card,ANON-0000-0000-0353,27.92,Americano with Milk,09:14:29,9,Sunday,July,7
2024-07-07,card,ANON-0000-0000-0353,27.92,Americano with Milk,09:15:36,9,Sunday,July,7
2024-07-07,card,ANON-0000-0000-0354,32.82,Cappuccino,09:28:48,9,Sunday,July,7
2024-07-07,card,ANON-0000-0000-0354,32.82,Cappuccino,09:29:56,9,Sunday,July,7
2024-07-07,card,ANON-0000-0000-0355,32.82,Hot Chocolate,14:56:30,14,Sunday,July,7
2024-07-07,card,ANON-0000-0000-0355,32.82,Cocoa,14:57:47,14,Sunday,July,7
2024-07-07,card,ANON-0000-0000-0356,32.82,Latte,17:07:50,17,Sunday,July,7
2024-07-07,card,ANON-0000-0000-0357,32.82,Cappuccino,19:33:27,19,Sunday,July,7
2024-07-07,card,ANON-0000-0000-0358,32.82,Hot Chocolate,20:01:31,20,Sunday,July,7
2024-07-07,card,ANON-0000-0000-0359,27.92,Americano with Milk,22:33:36,22,Sunday,July,7
2024-07-08,card,ANON-0000-0000-0360,32.82,Latte,07:33:07,7,Monday,July,7
2024-07-08,card,ANON-0000-0000-0361,23.02,Americano,12:02:50,12,Monday,July,7
2024-07-08,card,ANON-0000-0000-0362,23.02,Americano,14:40:24,14,Monday,July,7
2024-07-08,card,ANON-0000-0000-0363,27.92,Americano with Milk,19:30:34,19,Monday,July,7
2024-07-08,card,ANON-0000-0000-0019,32.82,Latte,22:14:46,22,Monday,July,7
2024-07-09,card,ANON-0000-0000-0333,27.92,Americano with Milk,10:26:52,10,Tuesday,July,7
2024-07-09,card,ANON-0000-0000-0276,27.92,Americano with Milk,10:40:28,10,Tuesday,July,7
2024-07-09,card,ANON-0000-0000-0194,27.92,Americano with Milk,11:21:36,11,Tuesday,July,7
2024-07-09,card,ANON-0000-0000-0194,32.82,Cappuccino,11:22:49,11,Tuesday,July,7
2024-07-09,card,ANON-0000-0000-0364,27.92,Americano with Milk,16:42:59,16,Tuesday,July,7
2024-07-10,card,ANON-0000-0000-0365,23.02,Americano,11:10:41,11,Wednesday,July,7
2024-07-10,card,ANON-0000-0000-0366,27.92,Americano with Milk,12:28:53,12,Wednesday,July,7
2024-07-10,card,ANON-0000-0000-0328,32.82,Latte,22:13:10,22,Wednesday,July,7
2024-07-11,card,ANON-0000-0000-0367,32.82,Hot Chocolate,11:27:27,11,Thursday,July,7
2024-07-11,card,ANON-0000-0000-0368,27.92,Americano with Milk,16:48:18,16,Thursday,July,7
2024-07-11,card,ANON-0000-0000-0369,32.82,Latte,22:22:13,22,Thursday,July,7
2024-07-11,card,ANON-0000-0000-0370,23.02,Americano,22:30:58,22,Thursday,July,7
2024-07-12,card,ANON-0000-0000-0371,23.02,Cortado,08:03:17,8,Friday,July,7
2024-07-12,card,ANON-0000-0000-0372,32.82,Hot Chocolate,11:48:33,11,Friday,July,7
2024-07-12,card,ANON-0000-0000-0178,32.82,Hot Chocolate,22:33:25,22,Friday,July,7
2024-07-12,card,ANON-0000-0000-0177,32.82,Hot Chocolate,22:34:14,22,Friday,July,7
2024-07-12,card,ANON-0000-0000-0179,32.82,Hot Chocolate,22:35:29,22,Friday,July,7
2024-07-13,card,ANON-0000-0000-0365,32.82,Latte,10:38:10,10,Saturday,July,7
2024-07-13,card,ANON-0000-0000-0365,32.82,Latte,11:41:38,11,Saturday,July,7
2024-07-14,card,ANON-0000-0000-0373,23.02,Americano,10:54:24,10,Sunday,July,7
2024-07-14,card,ANON-0000-0000-0373,27.92,Americano with Milk,10:55:30,10,Sunday,July,7
2024-07-14,card,ANON-0000-0000-0373,32.82,Cappuccino,10:56:30,10,Sunday,July,7
2024-07-14,card,ANON-0000-0000-0374,32.82,Latte,10:57:54,10,Sunday,July,7
2024-07-14,card,ANON-0000-0000-0375,23.02,Americano,11:02:11,11,Sunday,July,7
2024-07-14,card,ANON-0000-0000-0376,32.82,Latte,22:31:29,22,Sunday,July,7
2024-07-15,card,ANON-0000-0000-0377,32.82,Cappuccino,07:33:05,7,Monday,July,7
2024-07-16,card,ANON-0000-0000-0378,27.92,Americano with Milk,12:23:37,12,Tuesday,July,7
2024-07-16,card,ANON-0000-0000-0367,32.82,Hot Chocolate,19:29:25,19,Tuesday,July,7
2024-07-17,card,ANON-0000-0000-0379,27.92,Americano with Milk,13:04:59,13,Wednesday,July,7
2024-07-18,card,ANON-0000-0000-0380,27.92,Americano with Milk,11:10:13,11,Thursday,July,7
2024-07-18,card,ANON-0000-0000-0381,18.12,Espresso,11:11:23,11,Thursday,July,7
2024-07-18,card,ANON-0000-0000-0059,23.02,Americano,11:32:59,11,Thursday,July,7
2024-07-18,card,ANON-0000-0000-0059,23.02,Americano,11:34:48,11,Thursday,July,7
2024-07-18,card,ANON-0000-0000-0059,23.02,Cortado,11:35:51,11,Thursday,July,7
2024-07-18,card,ANON-0000-0000-0375,32.82,Latte,13:23:33,13,Thursday,July,7
2024-07-18,card,ANON-0000-0000-0382,32.82,Cappuccino,18:18:23,18,Thursday,July,7
2024-07-18,card,ANON-0000-0000-0009,32.82,Latte,19:30:50,19,Thursday,July,7
2024-07-18,card,ANON-0000-0000-0383,32.82,Hot Chocolate,21:19:41,21,Thursday,July,7
2024-07-18,card,ANON-0000-0000-0383,32.82,Latte,21:21:59,21,Thursday,July,7
2024-07-18,card,ANON-0000-0000-0384,32.82,Latte,21:46:18,21,Thursday,July,7
2024-07-19,card,ANON-0000-0000-0375,23.02,Americano,11:03:02,11,Friday,July,7
2024-07-19,card,ANON-0000-0000-0385,27.92,Americano with Milk,11:16:20,11,Friday,July,7
2024-07-19,card,ANON-0000-0000-0386,32.82,Latte,12:58:37,12,Friday,July,7
2024-07-19,card,ANON-0000-0000-0386,27.92,Americano with Milk,12:59:55,12,Friday,July,7
2024-07-19,card,ANON-0000-0000-0384,32.82,Latte,14:09:20,14,Friday,July,7
2024-07-19,card,ANON-0000-0000-0384,32.82,Cocoa,14:11:22,14,Friday,July,7
2024-07-19,card,ANON-0000-0000-0384,32.82,Latte,16:36:19,16,Friday,July,7
2024-07-19,card,ANON-0000-0000-0384,32.82,Latte,16:37:35,16,Friday,July,7
2024-07-20,card,ANON-0000-0000-0387,23.02,Americano,08:05:44,8,Saturday,July,7
2024-07-20,card,ANON-0000-0000-0387,32.82,Latte,08:06:48,8,Saturday,July,7
2024-07-20,card,ANON-0000-0000-0387,23.02,Americano,08:07:51,8,Saturday,July,7
2024-07-20,card,ANON-0000-0000-0388,32.82,Latte,09:00:53,9,Saturday,July,7
2024-07-20,card,ANON-0000-0000-0389,32.82,Latte,09:02:27,9,Saturday,July,7
2024-07-20,card,ANON-0000-0000-0390,23.02,Americano,10:39:21,10,Saturday,July,7
2024-07-20,card,ANON-0000-0000-0391,32.82,Latte,15:15:09,15,Saturday,July,7
2024-07-21,card,ANON-0000-0000-0367,32.82,Cocoa,10:30:55,10,Sunday,July,7
2024-07-21,card,ANON-0000-0000-0392,32.82,Cappuccino,11:39:28,11,Sunday,July,7
2024-07-21,card,ANON-0000-0000-0393,23.02,Cortado,13:34:30,13,Sunday,July,7
2024-07-21,card,ANON-0000-0000-0394,32.82,Latte,13:42:31,13,Sunday,July,7
2024-07-22,card,ANON-0000-0000-0375,23.02,Americano,08:13:23,8,Monday,July,7
2024-07-22,card,ANON-0000-0000-0395,23.02,Americano,08:40:49,8,Monday,July,7
2024-07-22,card,ANON-0000-0000-0385,27.92,Americano with Milk,10:15:37,10,Monday,July,7
2024-07-22,card,ANON-0000-0000-0396,32.82,Latte,16:44:37,16,Monday,July,7
2024-07-23,card,ANON-0000-0000-0197,32.82,Latte,08:12:56,8,Tuesday,July,7
2024-07-23,card,ANON-0000-0000-0395,23.02,Americano,08:40:18,8,Tuesday,July,7
2024-07-23,card,ANON-0000-0000-0397,27.92,Americano with Milk,08:44:53,8,Tuesday,July,7
2024-07-23,card,ANON-0000-0000-0398,32.82,Cocoa,08:49:25,8,Tuesday,July,7
2024-07-23,card,ANON-0000-0000-0399,32.82,Latte,08:51:10,8,Tuesday,July,7
2024-07-23,card,ANON-0000-0000-0375,23.02,Americano,09:01:45,9,Tuesday,July,7
2024-07-23,card,ANON-0000-0000-0400,27.92,Americano with Milk,10:03:36,10,Tuesday,July,7
2024-07-23,card,ANON-0000-0000-0401,27.92,Americano with Milk,15:20:04,15,Tuesday,July,7
2024-07-23,card,ANON-0000-0000-0401,32.82,Latte,15:21:01,15,Tuesday,July,7
2024-07-23,card,ANON-0000-0000-0009,32.82,Latte,21:01:40,21,Tuesday,July,7
2024-07-23,card,ANON-0000-0000-0012,23.02,Americano,21:23:13,21,Tuesday,July,7
2024-07-23,card,ANON-0000-0000-0012,23.02,Americano,21:24:22,21,Tuesday,July,7
2024-07-24,card,ANON-0000-0000-0097,27.92,Americano with Milk,09:16:09,9,Wednesday,July,7
2024-07-24,card,ANON-0000-0000-0385,27.92,Americano with Milk,09:38:55,9,Wednesday,July,7
2024-07-24,card,ANON-0000-0000-0402,18.12,Espresso,09:54:37,9,Wednesday,July,7
2024-07-24,card,ANON-0000-0000-0379,32.82,Cappuccino,11:43:53,11,Wednesday,July,7
2024-07-24,card,ANON-0000-0000-0399,32.82,Latte,13:55:13,13,Wednesday,July,7
2024-07-24,card,ANON-0000-0000-0012,18.12,Espresso,14:45:49,14,Wednesday,July,7
2024-07-24,card,ANON-0000-0000-0009,32.82,Latte,15:18:30,15,Wednesday,July,7
2024-07-24,card,ANON-0000-0000-0205,32.82,Cappuccino,19:15:05,19,Wednesday,July,7
2024-07-24,card,ANON-0000-0000-0205,32.82,Cappuccino,19:16:59,19,Wednesday,July,7
2024-07-24,card,ANON-0000-0000-0040,27.92,Americano with Milk,21:17:36,21,Wednesday,July,7
2024-07-24,card,ANON-0000-0000-0040,23.02,Americano,21:18:41,21,Wednesday,July,7
2024-07-24,card,ANON-0000-0000-0012,23.02,Americano,21:25:17,21,Wednesday,July,7
2024-07-25,card,ANON-0000-0000-0012,23.02,Americano,07:54:47,7,Thursday,July,7
2024-07-25,card,ANON-0000-0000-0399,32.82,Latte,08:49:18,8,Thursday,July,7
2024-07-25,card,ANON-0000-0000-0385,27.92,Americano with Milk,10:29:44,10,Thursday,July,7
2024-07-25,card,ANON-0000-0000-0375,23.02,Americano,11:26:04,11,Thursday,July,7
2024-07-25,card,ANON-0000-0000-0403,32.82,Cappuccino,15:25:06,15,Thursday,July,7
2024-07-25,card,ANON-0000-0000-0257,32.82,Cappuccino,19:21:00,19,Thursday,July,7
2024-07-25,card,ANON-0000-0000-0404,23.02,Cortado,21:06:01,21,Thursday,July,7
2024-07-25,card,ANON-0000-0000-0404,18.12,Espresso,21:06:50,21,Thursday,July,7
2024-07-25,card,ANON-0000-0000-0328,23.02,Cortado,22:38:51,22,Thursday,July,7
2024-07-25,card,ANON-0000-0000-0405,32.82,Cocoa,22:39:46,22,Thursday,July,7
2024-07-26,card,ANON-0000-0000-0406,32.82,Latte,08:33:01,8,Friday,July,7
2024-07-26,card,ANON-0000-0000-0097,27.92,Americano with Milk,09:19:37,9,Friday,July,7
2024-07-26,card,ANON-0000-0000-0059,18.12,Espresso,09:20:34,9,Friday,July,7
2024-07-26,card,ANON-0000-0000-0407,23.02,Cortado,09:33:11,9,Friday,July,7
2024-07-26,card,ANON-0000-0000-0407,23.02,Cortado,09:34:16,9,Friday,July,7
2024-07-26,card,ANON-0000-0000-0408,32.82,Latte,09:59:07,9,Friday,July,7
2024-07-26,card,ANON-0000-0000-0408,32.82,Latte,10:00:02,10,Friday,July,7
2024-07-26,card,ANON-0000-0000-0385,27.92,Americano with Milk,11:47:13,11,Friday,July,7
2024-07-26,card,ANON-0000-0000-0379,27.92,Americano with Milk,12:07:01,12,Friday,July,7
2024-07-26,card,ANON-0000-0000-0339,32.82,Cappuccino,12:28:08,12,Friday,July,7
2024-07-26,card,ANON-0000-0000-0339,32.82,Cappuccino,12:29:17,12,Friday,July,7
2024-07-26,card,ANON-0000-0000-0409,32.82,Latte,13:09:56,13,Friday,July,7
2024-07-26,card,ANON-0000-0000-0410,23.02,Americano,17:23:29,17,Friday,July,7
2024-07-26,card,ANON-0000-0000-0411,32.82,Cappuccino,17:58:29,17,Friday,July,7
2024-07-26,card,ANON-0000-0000-0009,32.82,Latte,21:15:09,21,Friday,July,7
2024-07-26,card,ANON-0000-0000-0412,27.92,Americano with Milk,22:49:52,22,Friday,July,7
2024-07-27,card,ANON-0000-0000-0097,32.82,Cappuccino,09:09:16,9,Saturday,July,7
2024-07-27,card,ANON-0000-0000-0413,27.92,Americano with Milk,11:55:31,11,Saturday,July,7
2024-07-27,card,ANON-0000-0000-0059,27.92,Americano with Milk,12:25:10,12,Saturday,July,7
2024-07-27,card,ANON-0000-0000-0040,18.12,Espresso,12:26:13,12,Saturday,July,7
2024-07-27,card,ANON-0000-0000-0059,27.92,Americano with Milk,12:33:23,12,Saturday,July,7
2024-07-27,card,ANON-0000-0000-0225,18.12,Espresso,14:28:41,14,Saturday,July,7
2024-07-27,card,ANON-0000-0000-0077,32.82,Latte,14:51:53,14,Saturday,July,7
2024-07-27,card,ANON-0000-0000-0414,32.82,Cappuccino,17:02:33,17,Saturday,July,7
2024-07-27,card,ANON-0000-0000-0415,32.82,Cappuccino,17:03:39,17,Saturday,July,7
2024-07-27,card,ANON-0000-0000-0416,27.92,Americano with Milk,17:09:00,17,Saturday,July,7
2024-07-27,card,ANON-0000-0000-0416,27.92,Americano with Milk,17:10:08,17,Saturday,July,7
2024-07-27,card,ANON-0000-0000-0009,32.82,Latte,20:55:20,20,Saturday,July,7
2024-07-27,card,ANON-0000-0000-0417,32.82,Cappuccino,22:56:23,22,Saturday,July,7
2024-07-28,card,ANON-0000-0000-0012,18.12,Espresso,11:07:25,11,Sunday,July,7
2024-07-28,card,ANON-0000-0000-0276,27.92,Americano with Milk,14:17:54,14,Sunday,July,7
2024-07-28,card,ANON-0000-0000-0276,32.82,Latte,14:18:52,14,Sunday,July,7
2024-07-29,card,ANON-0000-0000-0418,32.82,Latte,08:12:06,8,Monday,July,7
2024-07-29,card,ANON-0000-0000-0012,23.02,Americano,09:04:47,9,Monday,July,7
2024-07-29,card,ANON-0000-0000-0097,27.92,Americano with Milk,09:15:46,9,Monday,July,7
2024-07-29,card,ANON-0000-0000-0003,23.02,Americano,09:19:44,9,Monday,July,7
2024-07-29,card,ANON-0000-0000-0419,27.92,Americano with Milk,09:51:24,9,Monday,July,7
2024-07-29,card,ANON-0000-0000-0420,32.82,Cappuccino,09:58:29,9,Monday,July,7
2024-07-29,card,ANON-0000-0000-0421,32.82,Hot Chocolate,10:43:43,10,Monday,July,7
2024-07-29,card,ANON-0000-0000-0421,32.82,Hot Chocolate,10:44:55,10,Monday,July,7
2024-07-29,card,ANON-0000-0000-0422,32.82,Cappuccino,19:06:31,19,Monday,July,7
2024-07-29,card,ANON-0000-0000-0099,23.02,Americano,19:30:16,19,Monday,July,7
2024-07-29,card,ANON-0000-0000-0328,32.82,Cocoa,21:57:34,21,Monday,July,7
2024-07-30,card,ANON-0000-0000-0423,27.92,Americano with Milk,07:41:10,7,Tuesday,July,7
2024-07-30,card,ANON-0000-0000-0424,23.02,Cortado,08:05:07,8,Tuesday,July,7
2024-07-30,card,ANON-0000-0000-0425,32.82,Cappuccino,08:20:51,8,Tuesday,July,7
2024-07-30,card,ANON-0000-0000-0097,27.92,Americano with Milk,09:13:43,9,Tuesday,July,7
2024-07-30,card,ANON-0000-0000-0141,23.02,Cortado,10:17:11,10,Tuesday,July,7
2024-07-30,card,ANON-0000-0000-0276,27.92,Americano with Milk,10:19:34,10,Tuesday,July,7
2024-07-30,card,ANON-0000-0000-0250,32.82,Latte,10:23:20,10,Tuesday,July,7
2024-07-30,card,ANON-0000-0000-0426,23.02,Americano,11:12:07,11,Tuesday,July,7
2024-07-30,card,ANON-0000-0000-0426,18.12,Espresso,11:13:16,11,Tuesday,July,7
2024-07-30,card,ANON-0000-0000-0427,27.92,Americano with Milk,11:14:41,11,Tuesday,July,7
2024-07-30,card,ANON-0000-0000-0428,27.92,Americano with Milk,11:16:01,11,Tuesday,July,7
2024-07-30,card,ANON-0000-0000-0429,27.92,Americano with Milk,11:30:34,11,Tuesday,July,7
2024-07-30,card,ANON-0000-0000-0430,27.92,Americano with Milk,11:31:40,11,Tuesday,July,7
2024-07-30,card,ANON-0000-0000-0431,32.82,Latte,12:08:07,12,Tuesday,July,7
2024-07-30,card,ANON-0000-0000-0432,27.92,Americano with Milk,15:16:09,15,Tuesday,July,7
2024-07-30,card,ANON-0000-0000-0433,23.02,Cortado,16:08:52,16,Tuesday,July,7
2024-07-30,card,ANON-0000-0000-0433,27.92,Americano with Milk,16:09:43,16,Tuesday,July,7
2024-07-30,card,ANON-0000-0000-0434,18.12,Espresso,20:24:19,20,Tuesday,July,7
2024-07-30,card,ANON-0000-0000-0097,27.92,Americano with Milk,20:53:51,20,Tuesday,July,7
2024-07-30,card,ANON-0000-0000-0097,27.92,Americano with Milk,20:54:46,20,Tuesday,July,7
2024-07-30,card,ANON-0000-0000-0347,27.92,Americano with Milk,20:57:02,20,Tuesday,July,7
2024-07-30,card,ANON-0000-0000-0435,32.82,Latte,21:33:19,21,Tuesday,July,7
2024-07-30,card,ANON-0000-0000-0436,23.02,Americano,22:15:21,22,Tuesday,July,7
2024-07-30,card,ANON-0000-0000-0436,32.82,Cappuccino,22:16:19,22,Tuesday,July,7
2024-07-31,card,ANON-0000-0000-0423,27.92,Americano with Milk,07:59:52,7,Wednesday,July,7
2024-07-31,card,ANON-0000-0000-0437,27.92,Americano with Milk,08:37:41,8,Wednesday,July,7
2024-07-31,card,ANON-0000-0000-0437,27.92,Americano with Milk,08:38:38,8,Wednesday,July,7
2024-07-31,card,ANON-0000-0000-0388,23.02,Americano,09:54:45,9,Wednesday,July,7
2024-07-31,card,ANON-0000-0000-0388,23.02,Americano,09:55:45,9,Wednesday,July,7
2024-07-31,card,ANON-0000-0000-0276,27.92,Americano with Milk,09:58:15,9,Wednesday,July,7
2024-07-31,card,ANON-0000-0000-0384,32.82,Cocoa,13:11:42,13,Wednesday,July,7
2024-07-31,card,ANON-0000-0000-0384,32.82,Latte,13:14:00,13,Wednesday,July,7
2024-07-31,card,ANON-0000-0000-0438,27.92,Americano with Milk,13:24:49,13,Wednesday,July,7
2024-07-31,card,ANON-0000-0000-0439,23.02,Cortado,17:48:06,17,Wednesday,July,7
2024-07-31,card,ANON-0000-0000-0440,32.82,Latte,18:04:14,18,Wednesday,July,7
2024-07-31,card,ANON-0000-0000-0441,23.02,Cortado,19:22:38,19,Wednesday,July,7
2024-07-31,card,ANON-0000-0000-0009,32.82,Latte,19:28:45,19,Wednesday,July,7
2024-07-31,card,ANON-0000-0000-0442,32.82,Cocoa,20:46:42,20,Wednesday,July,7
2024-07-31,card,ANON-0000-0000-0443,23.02,Cortado,20:50:07,20,Wednesday,July,7
2024-07-31,card,ANON-0000-0000-0443,32.82,Latte,20:51:10,20,Wednesday,July,7
2024-07-31,card,ANON-0000-0000-0153,32.82,Cappuccino,20:52:14,20,Wednesday,July,7
2024-07-31,card,ANON-0000-0000-0443,23.02,Cortado,20:53:35,20,Wednesday,July,7
2024-07-31,card,ANON-0000-0000-0040,27.92,Americano with Milk,20:59:25,20,Wednesday,July,7
2024-07-31,card,ANON-0000-0000-0444,32.82,Latte,21:26:26,21,Wednesday,July,7
2024-07-31,card,ANON-0000-0000-0445,32.82,Latte,21:54:11,21,Wednesday,July,7
2024-07-31,card,ANON-0000-0000-0446,32.82,Latte,21:55:16,21,Wednesday,July,7
2024-08-01,card,ANON-0000-0000-0423,27.92,Americano with Milk,07:31:00,7,Thursday,August,8
2024-08-01,card,ANON-0000-0000-0276,27.92,Americano with Milk,09:25:20,9,Thursday,August,8
2024-08-01,card,ANON-0000-0000-0097,27.92,Americano with Milk,11:04:14,11,Thursday,August,8
2024-08-01,card,ANON-0000-0000-0447,27.92,Americano with Milk,11:22:46,11,Thursday,August,8
2024-08-01,card,ANON-0000-0000-0448,23.02,Cortado,13:22:46,13,Thursday,August,8
2024-08-01,card,ANON-0000-0000-0448,32.82,Cappuccino,13:23:37,13,Thursday,August,8
2024-08-01,card,ANON-0000-0000-0449,32.82,Cappuccino,13:49:07,13,Thursday,August,8
2024-08-01,card,ANON-0000-0000-0423,27.92,Americano with Milk,15:43:43,15,Thursday,August,8
2024-08-01,card,ANON-0000-0000-0450,27.92,Americano with Milk,16:24:00,16,Thursday,August,8
2024-08-01,card,ANON-0000-0000-0450,23.02,Americano,16:26:07,16,Thursday,August,8
2024-08-01,card,ANON-0000-0000-0451,23.02,Americano,17:23:35,17,Thursday,August,8
2024-08-01,card,ANON-0000-0000-0452,32.82,Cappuccino,20:41:28,20,Thursday,August,8
2024-08-02,card,ANON-0000-0000-0453,27.92,Americano with Milk,09:01:54,9,Friday,August,8
2024-08-02,card,ANON-0000-0000-0097,27.92,Americano with Milk,09:35:02,9,Friday,August,8
2024-08-02,card,ANON-0000-0000-0141,23.02,Cortado,11:09:19,11,Friday,August,8
2024-08-02,card,ANON-0000-0000-0454,27.92,Americano with Milk,18:08:35,18,Friday,August,8
2024-08-02,card,ANON-0000-0000-0009,32.82,Latte,21:23:04,21,Friday,August,8
2024-08-03,card,ANON-0000-0000-0097,27.92,Americano with Milk,08:53:46,8,Saturday,August,8
2024-08-03,card,ANON-0000-0000-0401,27.92,Americano with Milk,09:37:19,9,Saturday,August,8
2024-08-03,card,ANON-0000-0000-0401,27.92,Americano with Milk,09:38:41,9,Saturday,August,8
2024-08-03,card,ANON-0000-0000-0304,27.92,Americano with Milk,10:12:25,10,Saturday,August,8
2024-08-03,card,ANON-0000-0000-0455,23.02,Cortado,11:20:26,11,Saturday,August,8
2024-08-03,card,ANON-0000-0000-0455,23.02,Cortado,11:21:22,11,Saturday,August,8
2024-08-03,card,ANON-0000-0000-0040,18.12,Espresso,11:56:36,11,Saturday,August,8
2024-08-03,card,ANON-0000-0000-0040,27.92,Americano with Milk,11:57:31,11,Saturday,August,8
2024-08-03,card,ANON-0000-0000-0040,27.92,Americano with Milk,12:03:35,12,Saturday,August,8
2024-08-03,card,ANON-0000-0000-0322,27.92,Americano with Milk,16:53:59,16,Saturday,August,8
2024-08-03,card,ANON-0000-0000-0456,32.82,Cappuccino,18:38:42,18,Saturday,August,8
2024-08-03,card,ANON-0000-0000-0457,32.82,Latte,21:30:48,21,Saturday,August,8
2024-08-03,card,ANON-0000-0000-0457,32.82,Latte,21:33:06,21,Saturday,August,8
2024-08-04,card,ANON-0000-0000-0458,32.82,Cappuccino,08:18:37,8,Sunday,August,8
2024-08-04,card,ANON-0000-0000-0040,27.92,Americano with Milk,10:37:51,10,Sunday,August,8
2024-08-04,card,ANON-0000-0000-0258,32.82,Cappuccino,11:50:54,11,Sunday,August,8
2024-08-04,card,ANON-0000-0000-0258,27.92,Americano with Milk,11:52:33,11,Sunday,August,8
2024-08-04,card,ANON-0000-0000-0268,32.82,Cappuccino,15:33:52,15,Sunday,August,8
2024-08-04,card,ANON-0000-0000-0268,32.82,Cappuccino,15:35:05,15,Sunday,August,8
2024-08-05,card,ANON-0000-0000-0459,23.02,Cortado,08:50:05,8,Monday,August,8
2024-08-05,card,ANON-0000-0000-0097,27.92,Americano with Milk,09:19:19,9,Monday,August,8
2024-08-05,card,ANON-0000-0000-0375,23.02,Cortado,11:20:47,11,Monday,August,8
2024-08-05,card,ANON-0000-0000-0460,32.82,Cappuccino,13:45:22,13,Monday,August,8
2024-08-05,card,ANON-0000-0000-0461,32.82,Latte,16:05:57,16,Monday,August,8
2024-08-05,card,ANON-0000-0000-0461,32.82,Latte,16:07:18,16,Monday,August,8
2024-08-05,card,ANON-0000-0000-0462,32.82,Latte,17:44:24,17,Monday,August,8
2024-08-05,card,ANON-0000-0000-0462,27.92,Americano with Milk,17:45:32,17,Monday,August,8
2024-08-05,card,ANON-0000-0000-0019,32.82,Latte,19:20:02,19,Monday,August,8
2024-08-05,card,ANON-0000-0000-0009,32.82,Latte,19:34:51,19,Monday,August,8
2024-08-05,card,ANON-0000-0000-0463,32.82,Cocoa,20:49:30,20,Monday,August,8
2024-08-05,card,ANON-0000-0000-0463,32.82,Cocoa,20:50:21,20,Monday,August,8
2024-08-05,card,ANON-0000-0000-0464,27.92,Americano with Milk,22:43:48,22,Monday,August,8
2024-08-06,card,ANON-0000-0000-0375,23.02,Cortado,10:21:03,10,Tuesday,August,8
2024-08-06,card,ANON-0000-0000-0465,32.82,Hot Chocolate,10:32:32,10,Tuesday,August,8
2024-08-06,card,ANON-0000-0000-0466,32.82,Cappuccino,17:40:49,17,Tuesday,August,8
2024-08-06,card,ANON-0000-0000-0466,32.82,Latte,17:42:52,17,Tuesday,August,8
2024-08-06,card,ANON-0000-0000-0466,32.82,Cocoa,17:44:05,17,Tuesday,August,8
2024-08-06,card,ANON-0000-0000-0019,32.82,Latte,19:04:04,19,Tuesday,August,8
2024-08-06,card,ANON-0000-0000-0467,27.92,Americano with Milk,19:05:23,19,Tuesday,August,8
2024-08-06,card,ANON-0000-0000-0468,32.82,Latte,20:04:27,20,Tuesday,August,8
2024-08-07,card,ANON-0000-0000-0453,27.92,Americano with Milk,08:55:48,8,Wednesday,August,8
2024-08-07,card,ANON-0000-0000-0003,23.02,Americano,12:12:26,12,Wednesday,August,8
2024-08-07,card,ANON-0000-0000-0003,23.02,Americano,12:13:40,12,Wednesday,August,8
2024-08-07,card,ANON-0000-0000-0469,18.12,Espresso,13:11:16,13,Wednesday,August,8
2024-08-07,card,ANON-0000-0000-0470,23.02,Americano,16:19:01,16,Wednesday,August,8
2024-08-07,card,ANON-0000-0000-0009,32.82,Latte,19:36:22,19,Wednesday,August,8
2024-08-07,card,ANON-0000-0000-0442,32.82,Cocoa,20:40:09,20,Wednesday,August,8
2024-08-07,card,ANON-0000-0000-0328,32.82,Cappuccino,21:18:11,21,Wednesday,August,8
2024-08-07,card,ANON-0000-0000-0471,32.82,Latte,22:28:56,22,Wednesday,August,8
2024-08-07,card,ANON-0000-0000-0472,32.82,Latte,22:32:15,22,Wednesday,August,8
2024-08-08,card,ANON-0000-0000-0141,18.12,Espresso,08:46:36,8,Thursday,August,8
2024-08-08,card,ANON-0000-0000-0141,23.02,Cortado,08:47:28,8,Thursday,August,8
2024-08-08,card,ANON-0000-0000-0420,27.92,Americano with Milk,12:27:05,12,Thursday,August,8
2024-08-08,card,ANON-0000-0000-0141,23.02,Cortado,12:43:19,12,Thursday,August,8
2024-08-08,card,ANON-0000-0000-0141,23.02,Cortado,12:44:14,12,Thursday,August,8
2024-08-08,card,ANON-0000-0000-0473,32.82,Cappuccino,16:57:53,16,Thursday,August,8
2024-08-08,card,ANON-0000-0000-0474,32.82,Cappuccino,17:17:51,17,Thursday,August,8
2024-08-08,card,ANON-0000-0000-0311,27.92,Americano with Milk,21:25:59,21,Thursday,August,8
2024-08-09,card,ANON-0000-0000-0475,32.82,Latte,07:35:22,7,Friday,August,8
2024-08-09,card,ANON-0000-0000-0476,23.02,Americano,09:53:34,9,Friday,August,8
2024-08-09,card,ANON-0000-0000-0141,23.02,Cortado,10:13:07,10,Friday,August,8
2024-08-09,card,ANON-0000-0000-0311,27.92,Americano with Milk,10:26:47,10,Friday,August,8
2024-08-09,card,ANON-0000-0000-0475,32.82,Latte,11:28:08,11,Friday,August,8
2024-08-09,card,ANON-0000-0000-0477,23.02,Americano,11:29:48,11,Friday,August,8
2024-08-09,card,ANON-0000-0000-0478,23.02,Americano,18:56:27,18,Friday,August,8
2024-08-09,card,ANON-0000-0000-0479,32.82,Hot Chocolate,19:03:06,19,Friday,August,8
2024-08-10,card,ANON-0000-0000-0480,32.82,Cappuccino,08:36:44,8,Saturday,August,8
2024-08-10,card,ANON-0000-0000-0480,27.92,Americano with Milk,08:37:57,8,Saturday,August,8
2024-08-10,card,ANON-0000-0000-0141,23.02,Cortado,08:45:09,8,Saturday,August,8
2024-08-10,card,ANON-0000-0000-0012,23.02,Cortado,11:52:33,11,Saturday,August,8
2024-08-10,card,ANON-0000-0000-0012,23.02,Americano,11:54:23,11,Saturday,August,8
2024-08-10,card,ANON-0000-0000-0481,32.82,Latte,12:15:10,12,Saturday,August,8
2024-08-10,card,ANON-0000-0000-0463,27.92,Americano with Milk,12:33:12,12,Saturday,August,8
2024-08-10,card,ANON-0000-0000-0009,32.82,Latte,16:06:12,16,Saturday,August,8
2024-08-10,card,ANON-0000-0000-0482,32.82,Cocoa,21:16:48,21,Saturday,August,8
2024-08-10,card,ANON-0000-0000-0482,32.82,Cocoa,21:17:41,21,Saturday,August,8
2024-08-10,card,ANON-0000-0000-0442,32.82,Cocoa,21:37:41,21,Saturday,August,8
2024-08-11,card,ANON-0000-0000-0440,32.82,Latte,09:52:36,9,Sunday,August,8
2024-08-11,card,ANON-0000-0000-0440,32.82,Latte,09:53:43,9,Sunday,August,8
2024-08-11,card,ANON-0000-0000-0347,27.92,Americano with Milk,10:17:23,10,Sunday,August,8
2024-08-11,card,ANON-0000-0000-0480,32.82,Cappuccino,11:56:41,11,Sunday,August,8
2024-08-11,card,ANON-0000-0000-0480,27.92,Americano with Milk,11:57:41,11,Sunday,August,8
2024-08-11,card,ANON-0000-0000-0141,23.02,Cortado,12:20:19,12,Sunday,August,8
2024-08-11,card,ANON-0000-0000-0483,32.82,Latte,15:53:51,15,Sunday,August,8
2024-08-11,card,ANON-0000-0000-0484,27.92,Americano with Milk,15:55:14,15,Sunday,August,8
2024-08-11,card,ANON-0000-0000-0484,32.82,Cocoa,15:56:27,15,Sunday,August,8
2024-08-11,card,ANON-0000-0000-0414,32.82,Cappuccino,16:27:35,16,Sunday,August,8
2024-08-11,card,ANON-0000-0000-0485,18.12,Espresso,16:28:38,16,Sunday,August,8
2024-08-11,card,ANON-0000-0000-0486,23.02,Cortado,21:30:32,21,Sunday,August,8
2024-08-11,card,ANON-0000-0000-0475,32.82,Latte,21:41:09,21,Sunday,August,8
2024-08-11,card,ANON-0000-0000-0487,32.82,Latte,21:43:10,21,Sunday,August,8
2024-08-11,card,ANON-0000-0000-0488,32.82,Cappuccino,22:39:29,22,Sunday,August,8
2024-08-12,card,ANON-0000-0000-0367,32.82,Hot Chocolate,08:26:19,8,Monday,August,8
2024-08-12,card,ANON-0000-0000-0489,27.92,Americano with Milk,11:15:04,11,Monday,August,8
2024-08-12,card,ANON-0000-0000-0490,23.02,Americano,11:19:29,11,Monday,August,8
2024-08-12,card,ANON-0000-0000-0490,32.82,Latte,11:20:23,11,Monday,August,8
2024-08-12,card,ANON-0000-0000-0491,32.82,Latte,11:44:28,11,Monday,August,8
2024-08-12,card,ANON-0000-0000-0492,18.12,Espresso,14:04:03,14,Monday,August,8
2024-08-12,card,ANON-0000-0000-0492,27.92,Americano with Milk,14:05:06,14,Monday,August,8
2024-08-12,card,ANON-0000-0000-0493,27.92,Americano with Milk,15:33:33,15,Monday,August,8
2024-08-12,card,ANON-0000-0000-0097,27.92,Americano with Milk,18:05:04,18,Monday,August,8
2024-08-12,card,ANON-0000-0000-0097,27.92,Americano with Milk,21:25:49,21,Monday,August,8
2024-08-12,card,ANON-0000-0000-0494,32.82,Latte,21:37:38,21,Monday,August,8
2024-08-12,card,ANON-0000-0000-0134,32.82,Cappuccino,22:58:20,22,Monday,August,8
2024-08-12,card,ANON-0000-0000-0134,32.82,Cappuccino,22:59:18,22,Monday,August,8
2024-08-13,card,ANON-0000-0000-0495,27.92,Americano with Milk,08:44:30,8,Tuesday,August,8
2024-08-13,card,ANON-0000-0000-0097,27.92,Americano with Milk,09:14:21,9,Tuesday,August,8
2024-08-13,card,ANON-0000-0000-0385,27.92,Americano with Milk,09:45:56,9,Tuesday,August,8
2024-08-13,card,ANON-0000-0000-0141,23.02,Cortado,10:42:08,10,Tuesday,August,8
2024-08-13,card,ANON-0000-0000-0496,32.82,Latte,11:59:47,11,Tuesday,August,8
2024-08-13,card,ANON-0000-0000-0497,27.92,Americano with Milk,13:01:41,13,Tuesday,August,8
2024-08-13,card,ANON-0000-0000-0494,32.82,Latte,14:45:39,14,Tuesday,August,8
2024-08-13,card,ANON-0000-0000-0498,32.82,Cappuccino,15:47:56,15,Tuesday,August,8
2024-08-13,card,ANON-0000-0000-0097,27.92,Americano with Milk,15:55:29,15,Tuesday,August,8
2024-08-13,card,ANON-0000-0000-0499,32.82,Latte,20:29:34,20,Tuesday,August,8
2024-08-13,card,ANON-0000-0000-0499,32.82,Cocoa,20:30:37,20,Tuesday,August,8
2024-08-13,card,ANON-0000-0000-0500,32.82,Cappuccino,20:44:22,20,Tuesday,August,8
2024-08-13,card,ANON-0000-0000-0501,23.02,Cortado,21:00:44,21,Tuesday,August,8
2024-08-14,card,ANON-0000-0000-0475,32.82,Latte,07:35:48,7,Wednesday,August,8
2024-08-14,card,ANON-0000-0000-0472,32.82,Cappuccino,07:36:55,7,Wednesday,August,8
2024-08-14,card,ANON-0000-0000-0141,23.02,Cortado,10:09:29,10,Wednesday,August,8
2024-08-14,card,ANON-0000-0000-0095,18.12,Espresso,11:39:07,11,Wednesday,August,8
2024-08-14,card,ANON-0000-0000-0502,23.02,Americano,12:49:16,12,Wednesday,August,8
2024-08-14,card,ANON-0000-0000-0450,23.02,Americano,12:51:04,12,Wednesday,August,8
2024-08-14,card,ANON-0000-0000-0503,32.82,Latte,15:21:27,15,Wednesday,August,8
2024-08-14,card,ANON-0000-0000-0504,23.02,Americano,17:24:22,17,Wednesday,August,8
2024-08-14,card,ANON-0000-0000-0505,23.02,Cortado,18:10:03,18,Wednesday,August,8
2024-08-14,card,ANON-0000-0000-0506,27.92,Americano with Milk,18:59:18,18,Wednesday,August,8
2024-08-14,card,ANON-0000-0000-0012,32.82,Latte,19:34:51,19,Wednesday,August,8
2024-08-14,card,ANON-0000-0000-0012,23.02,Cortado,19:35:48,19,Wednesday,August,8
2024-08-14,card,ANON-0000-0000-0507,32.82,Latte,21:41:33,21,Wednesday,August,8
2024-08-15,card,ANON-0000-0000-0141,23.02,Cortado,09:36:11,9,Thursday,August,8
2024-08-15,card,ANON-0000-0000-0508,32.82,Cappuccino,09:37:02,9,Thursday,August,8
2024-08-15,card,ANON-0000-0000-0509,32.82,Hot Chocolate,09:38:04,9,Thursday,August,8
2024-08-15,card,ANON-0000-0000-0509,32.82,Latte,09:38:49,9,Thursday,August,8
2024-08-15,card,ANON-0000-0000-0232,32.82,Latte,12:38:37,12,Thursday,August,8
2024-08-15,card,ANON-0000-0000-0510,32.82,Latte,13:48:13,13,Thursday,August,8
2024-08-15,card,ANON-0000-0000-0012,23.02,Americano,14:17:48,14,Thursday,August,8
2024-08-15,card,ANON-0000-0000-0012,18.12,Espresso,14:18:50,14,Thursday,August,8
2024-08-15,card,ANON-0000-0000-0511,27.92,Americano with Milk,17:53:52,17,Thursday,August,8
2024-08-15,card,ANON-0000-0000-0512,32.82,Hot Chocolate,19:10:58,19,Thursday,August,8
2024-08-15,card,ANON-0000-0000-0512,27.92,Americano with Milk,19:11:54,19,Thursday,August,8
2024-08-15,card,ANON-0000-0000-0513,27.92,Americano with Milk,19:41:30,19,Thursday,August,8
2024-08-15,card,ANON-0000-0000-0513,23.02,Americano,19:42:37,19,Thursday,August,8
2024-08-15,card,ANON-0000-0000-0514,32.82,Cappuccino,20:40:41,20,Thursday,August,8
2024-08-15,card,ANON-0000-0000-0040,18.12,Espresso,21:35:20,21,Thursday,August,8
2024-08-15,card,ANON-0000-0000-0040,27.92,Americano with Milk,21:36:11,21,Thursday,August,8
2024-08-16,card,ANON-0000-0000-0513,32.82,Latte,12:29:16,12,Friday,August,8
2024-08-16,card,ANON-0000-0000-0515,23.02,Americano,12:54:17,12,Friday,August,8
2024-08-16,card,ANON-0000-0000-0429,27.92,Americano with Milk,13:36:12,13,Friday,August,8
2024-08-16,card,ANON-0000-0000-0012,18.12,Espresso,15:18:51,15,Friday,August,8
2024-08-16,card,ANON-0000-0000-0012,18.12,Espresso,15:19:39,15,Friday,August,8
2024-08-17,card,ANON-0000-0000-0097,27.92,Americano with Milk,09:16:53,9,Saturday,August,8
2024-08-17,card,ANON-0000-0000-0516,32.82,Cappuccino,09:18:08,9,Saturday,August,8
2024-08-17,card,ANON-0000-0000-0517,27.92,Americano with Milk,10:53:41,10,Saturday,August,8
2024-08-17,card,ANON-0000-0000-0141,23.02,Cortado,11:58:41,11,Saturday,August,8
2024-08-17,card,ANON-0000-0000-0141,23.02,Cortado,11:59:28,11,Saturday,August,8
2024-08-17,card,ANON-0000-0000-0518,27.92,Americano with Milk,13:18:40,13,Saturday,August,8
2024-08-17,card,ANON-0000-0000-0277,23.02,Cortado,16:31:54,16,Saturday,August,8
2024-08-17,card,ANON-0000-0000-0192,32.82,Latte,16:33:48,16,Saturday,August,8
2024-08-17,card,ANON-0000-0000-0456,32.82,Cappuccino,18:48:58,18,Saturday,August,8
2024-08-17,card,ANON-0000-0000-0040,27.92,Americano with Milk,21:18:56,21,Saturday,August,8
2024-08-17,card,ANON-0000-0000-0519,32.82,Latte,22:42:39,22,Saturday,August,8
2024-08-18,card,ANON-0000-0000-0520,32.82,Cappuccino,08:09:42,8,Sunday,August,8
2024-08-18,card,ANON-0000-0000-0521,32.82,Cappuccino,08:32:05,8,Sunday,August,8
2024-08-18,card,ANON-0000-0000-0141,23.02,Cortado,08:41:06,8,Sunday,August,8
2024-08-18,card,ANON-0000-0000-0522,27.92,Americano with Milk,08:56:01,8,Sunday,August,8
2024-08-18,card,ANON-0000-0000-0463,32.82,Cappuccino,12:31:40,12,Sunday,August,8
2024-08-18,card,ANON-0000-0000-0040,27.92,Americano with Milk,14:30:21,14,Sunday,August,8
2024-08-18,card,ANON-0000-0000-0523,27.92,Americano with Milk,18:24:10,18,Sunday,August,8
2024-08-18,card,ANON-0000-0000-0523,27.92,Americano with Milk,18:26:03,18,Sunday,August,8
2024-08-18,card,ANON-0000-0000-0523,23.02,Americano,18:27:17,18,Sunday,August,8
2024-08-18,card,ANON-0000-0000-0523,23.02,Americano,18:28:13,18,Sunday,August,8
2024-08-19,card,ANON-0000-0000-0524,27.92,Americano with Milk,15:09:48,15,Monday,August,8
2024-08-19,card,ANON-0000-0000-0524,27.92,Americano with Milk,15:10:51,15,Monday,August,8
2024-08-19,card,ANON-0000-0000-0507,32.82,Latte,21:21:12,21,Monday,August,8
2024-08-19,card,ANON-0000-0000-0491,32.82,Cocoa,21:31:57,21,Monday,August,8
2024-08-20,card,ANON-0000-0000-0141,23.02,Cortado,08:27:16,8,Tuesday,August,8
2024-08-20,card,ANON-0000-0000-0525,32.82,Latte,08:29:14,8,Tuesday,August,8
2024-08-20,card,ANON-0000-0000-0526,18.12,Espresso,08:49:47,8,Tuesday,August,8
2024-08-20,card,ANON-0000-0000-0526,23.02,Cortado,08:50:36,8,Tuesday,August,8
2024-08-20,card,ANON-0000-0000-0097,27.92,Americano with Milk,09:14:54,9,Tuesday,August,8
2024-08-20,card,ANON-0000-0000-0527,23.02,Americano,11:09:55,11,Tuesday,August,8
2024-08-20,card,ANON-0000-0000-0528,23.02,Americano,11:11:39,11,Tuesday,August,8
2024-08-20,card,ANON-0000-0000-0529,23.02,Americano,11:12:31,11,Tuesday,August,8
2024-08-20,card,ANON-0000-0000-0141,32.82,Latte,11:42:20,11,Tuesday,August,8
2024-08-20,card,ANON-0000-0000-0530,32.82,Latte,20:42:40,20,Tuesday,August,8
2024-08-20,card,ANON-0000-0000-0531,32.82,Latte,20:44:14,20,Tuesday,August,8
2024-08-20,card,ANON-0000-0000-0531,32.82,Latte,20:45:12,20,Tuesday,August,8
2024-08-20,card,ANON-0000-0000-0532,32.82,Latte,20:46:03,20,Tuesday,August,8
2024-08-21,card,ANON-0000-0000-0533,27.92,Americano with Milk,07:59:13,7,Wednesday,August,8
2024-08-21,card,ANON-0000-0000-0141,23.02,Cortado,08:40:27,8,Wednesday,August,8
2024-08-21,card,ANON-0000-0000-0375,23.02,Americano,10:13:32,10,Wednesday,August,8
2024-08-21,card,ANON-0000-0000-0276,27.92,Americano with Milk,10:38:44,10,Wednesday,August,8
2024-08-21,card,ANON-0000-0000-0141,23.02,Cortado,11:51:41,11,Wednesday,August,8
2024-08-21,card,ANON-0000-0000-0534,32.82,Latte,13:17:10,13,Wednesday,August,8
2024-08-21,card,ANON-0000-0000-0507,32.82,Latte,19:42:03,19,Wednesday,August,8
2024-08-22,card,ANON-0000-0000-0141,23.02,Cortado,09:22:26,9,Thursday,August,8
2024-08-22,card,ANON-0000-0000-0419,27.92,Americano with Milk,10:09:23,10,Thursday,August,8
2024-08-22,card,ANON-0000-0000-0535,27.92,Americano with Milk,10:47:59,10,Thursday,August,8
2024-08-22,card,ANON-0000-0000-0510,32.82,Latte,14:16:12,14,Thursday,August,8
2024-08-22,card,ANON-0000-0000-0536,32.82,Latte,14:26:58,14,Thursday,August,8
2024-08-22,card,ANON-0000-0000-0537,32.82,Cappuccino,15:07:07,15,Thursday,August,8
2024-08-22,card,ANON-0000-0000-0538,23.02,Americano,15:27:27,15,Thursday,August,8
2024-08-23,card,ANON-0000-0000-0475,32.82,Latte,07:43:16,7,Friday,August,8
2024-08-23,card,ANON-0000-0000-0141,23.02,Cortado,08:21:48,8,Friday,August,8
2024-08-23,card,ANON-0000-0000-0425,32.82,Latte,08:22:56,8,Friday,August,8
2024-08-23,card,ANON-0000-0000-0225,23.02,Americano,08:33:38,8,Friday,August,8
2024-08-23,card,ANON-0000-0000-0225,23.02,Americano,08:34:35,8,Friday,August,8
2024-08-23,card,ANON-0000-0000-0419,27.92,Americano with Milk,09:14:52,9,Friday,August,8
2024-08-23,card,ANON-0000-0000-0539,32.82,Cocoa,10:10:58,10,Friday,August,8
2024-08-23,card,ANON-0000-0000-0539,23.02,Americano,10:11:55,10,Friday,August,8
2024-08-23,card,ANON-0000-0000-0141,23.02,Cortado,10:39:12,10,Friday,August,8
2024-08-23,card,ANON-0000-0000-0540,32.82,Hot Chocolate,11:12:59,11,Friday,August,8
2024-08-23,card,ANON-0000-0000-0541,23.02,Americano,13:24:54,13,Friday,August,8
2024-08-23,card,ANON-0000-0000-0542,23.02,Americano,15:28:52,15,Friday,August,8
2024-08-23,card,ANON-0000-0000-0507,32.82,Latte,19:48:02,19,Friday,August,8
2024-08-24,card,ANON-0000-0000-0141,23.02,Cortado,08:13:42,8,Saturday,August,8
2024-08-24,card,ANON-0000-0000-0141,23.02,Cortado,08:14:47,8,Saturday,August,8
2024-08-24,card,ANON-0000-0000-0543,23.02,Cortado,08:44:11,8,Saturday,August,8
2024-08-24,card,ANON-0000-0000-0544,18.12,Espresso,10:18:09,10,Saturday,August,8
2024-08-24,card,ANON-0000-0000-0544,18.12,Espresso,10:18:52,10,Saturday,August,8
2024-08-24,card,ANON-0000-0000-0544,23.02,Americano,10:19:49,10,Saturday,August,8
2024-08-25,card,ANON-0000-0000-0141,23.02,Cortado,08:14:37,8,Sunday,August,8
2024-08-25,card,ANON-0000-0000-0408,23.02,Americano,08:26:27,8,Sunday,August,8
2024-08-25,card,ANON-0000-0000-0408,23.02,Americano,08:27:36,8,Sunday,August,8
2024-08-25,card,ANON-0000-0000-0545,32.82,Cappuccino,09:24:22,9,Sunday,August,8
2024-08-25,card,ANON-0000-0000-0546,32.82,Cappuccino,12:41:42,12,Sunday,August,8
2024-08-25,card,ANON-0000-0000-0077,32.82,Latte,14:53:02,14,Sunday,August,8
2024-08-26,card,ANON-0000-0000-0141,23.02,Cortado,08:11:47,8,Monday,August,8
2024-08-26,card,ANON-0000-0000-0408,23.02,Americano,08:16:09,8,Monday,August,8
2024-08-26,card,ANON-0000-0000-0408,23.02,Americano,08:17:23,8,Monday,August,8
2024-08-26,card,ANON-0000-0000-0097,27.92,Americano with Milk,09:21:36,9,Monday,August,8
2024-08-26,card,ANON-0000-0000-0547,32.82,Latte,10:37:44,10,Monday,August,8
2024-08-26,card,ANON-0000-0000-0548,32.82,Cappuccino,10:38:49,10,Monday,August,8
2024-08-26,card,ANON-0000-0000-0003,23.02,Americano,12:45:13,12,Monday,August,8
2024-08-26,card,ANON-0000-0000-0003,23.02,Americano,12:46:23,12,Monday,August,8
2024-08-26,card,ANON-0000-0000-0549,27.92,Americano with Milk,18:53:27,18,Monday,August,8
2024-08-26,card,ANON-0000-0000-0549,32.82,Latte,18:54:31,18,Monday,August,8
2024-08-26,card,ANON-0000-0000-0550,27.92,Americano with Milk,22:55:39,22,Monday,August,8
2024-08-27,card,ANON-0000-0000-0375,32.82,Latte,10:04:04,10,Tuesday,August,8
2024-08-28,card,ANON-0000-0000-0551,27.92,Americano with Milk,12:08:18,12,Wednesday,August,8
2024-08-28,card,ANON-0000-0000-0551,32.82,Cappuccino,12:10:04,12,Wednesday,August,8
2024-08-28,card,ANON-0000-0000-0375,23.02,Americano,12:35:06,12,Wednesday,August,8
2024-08-28,card,ANON-0000-0000-0552,27.92,Americano with Milk,13:48:35,13,Wednesday,August,8
2024-08-29,card,ANON-0000-0000-0553,23.02,Americano,07:29:30,7,Thursday,August,8
2024-08-30,card,ANON-0000-0000-0554,32.82,Latte,17:13:30,17,Friday,August,8
2024-08-30,card,ANON-0000-0000-0554,27.92,Americano with Milk,17:14:32,17,Friday,August,8
2024-08-30,card,ANON-0000-0000-0554,27.92,Americano with Milk,17:15:35,17,Friday,August,8
2024-08-31,card,ANON-0000-0000-0371,23.02,Cortado,09:08:32,9,Saturday,August,8
2024-08-31,card,ANON-0000-0000-0555,27.92,Americano with Milk,10:02:08,10,Saturday,August,8
2024-08-31,card,ANON-0000-0000-0556,18.12,Espresso,10:22:26,10,Saturday,August,8
2024-08-31,card,ANON-0000-0000-0557,27.92,Americano with Milk,11:29:54,11,Saturday,August,8
2024-08-31,card,ANON-0000-0000-0141,23.02,Cortado,11:33:39,11,Saturday,August,8
2024-08-31,card,ANON-0000-0000-0141,23.02,Cortado,11:34:32,11,Saturday,August,8
2024-09-01,card,ANON-0000-0000-0141,23.02,Cortado,09:34:15,9,Sunday,September,9
2024-09-01,card,ANON-0000-0000-0558,32.82,Cappuccino,12:11:24,12,Sunday,September,9
2024-09-01,card,ANON-0000-0000-0181,27.92,Americano with Milk,12:30:08,12,Sunday,September,9
2024-09-01,card,ANON-0000-0000-0181,23.02,Americano,12:32:22,12,Sunday,September,9
2024-09-01,card,ANON-0000-0000-0559,27.92,Americano with Milk,12:50:17,12,Sunday,September,9
2024-09-01,card,ANON-0000-0000-0560,32.82,Latte,13:57:33,13,Sunday,September,9
2024-09-01,card,ANON-0000-0000-0385,27.92,Americano with Milk,14:44:04,14,Sunday,September,9
2024-09-01,card,ANON-0000-0000-0561,32.82,Latte,17:20:46,17,Sunday,September,9
2024-09-01,card,ANON-0000-0000-0562,32.82,Latte,17:23:13,17,Sunday,September,9
2024-09-01,card,ANON-0000-0000-0563,32.82,Latte,17:24:49,17,Sunday,September,9
2024-09-02,card,ANON-0000-0000-0425,32.82,Latte,08:24:39,8,Monday,September,9
2024-09-02,card,ANON-0000-0000-0564,27.92,Americano with Milk,08:50:17,8,Monday,September,9
2024-09-02,card,ANON-0000-0000-0565,32.82,Latte,08:51:33,8,Monday,September,9
2024-09-02,card,ANON-0000-0000-0566,27.92,Americano with Milk,14:58:47,14,Monday,September,9
2024-09-02,card,ANON-0000-0000-0567,32.82,Cappuccino,20:09:43,20,Monday,September,9
2024-09-02,card,ANON-0000-0000-0179,32.82,Cocoa,20:11:17,20,Monday,September,9
2024-09-02,card,ANON-0000-0000-0568,23.02,Americano,20:52:31,20,Monday,September,9
2024-09-02,card,ANON-0000-0000-0568,23.02,Americano,20:53:29,20,Monday,September,9
2024-09-03,card,ANON-0000-0000-0569,32.82,Cocoa,08:22:15,8,Tuesday,September,9
2024-09-03,card,ANON-0000-0000-0168,32.82,Cappuccino,08:28:12,8,Tuesday,September,9
2024-09-03,card,ANON-0000-0000-0570,32.82,Latte,08:41:11,8,Tuesday,September,9
2024-09-03,card,ANON-0000-0000-0571,27.92,Americano with Milk,09:03:12,9,Tuesday,September,9
2024-09-03,card,ANON-0000-0000-0571,32.82,Cappuccino,09:04:11,9,Tuesday,September,9
2024-09-03,card,ANON-0000-0000-0572,32.82,Cocoa,09:12:48,9,Tuesday,September,9
2024-09-03,card,ANON-0000-0000-0572,32.82,Cocoa,09:13:33,9,Tuesday,September,9
2024-09-03,card,ANON-0000-0000-0385,27.92,Americano with Milk,09:17:02,9,Tuesday,September,9
2024-09-03,card,ANON-0000-0000-0573,27.92,Americano with Milk,09:20:17,9,Tuesday,September,9
2024-09-03,card,ANON-0000-0000-0574,32.82,Latte,09:37:52,9,Tuesday,September,9
2024-09-03,card,ANON-0000-0000-0575,32.82,Cocoa,09:38:56,9,Tuesday,September,9
2024-09-03,card,ANON-0000-0000-0576,23.02,Cortado,12:56:53,12,Tuesday,September,9
2024-09-03,card,ANON-0000-0000-0333,27.92,Americano with Milk,14:14:51,14,Tuesday,September,9
2024-09-03,card,ANON-0000-0000-0333,27.92,Americano with Milk,14:16:17,14,Tuesday,September,9
2024-09-03,card,ANON-0000-0000-0333,27.92,Americano with Milk,18:48:34,18,Tuesday,September,9
2024-09-03,card,ANON-0000-0000-0467,32.82,Latte,19:11:12,19,Tuesday,September,9
2024-09-03,card,ANON-0000-0000-0467,27.92,Americano with Milk,19:17:13,19,Tuesday,September,9
2024-09-04,card,ANON-0000-0000-0577,27.92,Americano with Milk,11:11:21,11,Wednesday,September,9
2024-09-04,card,ANON-0000-0000-0510,32.82,Latte,11:33:36,11,Wednesday,September,9
2024-09-04,card,ANON-0000-0000-0019,23.02,Americano,11:48:03,11,Wednesday,September,9
2024-09-04,card,ANON-0000-0000-0578,27.92,Americano with Milk,11:55:34,11,Wednesday,September,9
2024-09-04,card,ANON-0000-0000-0565,32.82,Latte,12:53:31,12,Wednesday,September,9
2024-09-04,card,ANON-0000-0000-0579,32.82,Latte,13:03:50,13,Wednesday,September,9
2024-09-04,card,ANON-0000-0000-0579,27.92,Americano with Milk,13:05:16,13,Wednesday,September,9
2024-09-04,card,ANON-0000-0000-0580,32.82,Cappuccino,18:03:46,18,Wednesday,September,9
2024-09-04,card,ANON-0000-0000-0097,27.92,Americano with Milk,19:41:41,19,Wednesday,September,9
2024-09-04,card,ANON-0000-0000-0494,32.82,Latte,21:19:35,21,Wednesday,September,9
2024-09-05,card,ANON-0000-0000-0385,27.92,Americano with Milk,09:31:17,9,Thursday,September,9
2024-09-05,card,ANON-0000-0000-0581,27.92,Americano with Milk,10:28:56,10,Thursday,September,9
2024-09-05,card,ANON-0000-0000-0019,23.02,Americano,11:06:30,11,Thursday,September,9
2024-09-05,card,ANON-0000-0000-0582,32.82,Latte,14:00:27,14,Thursday,September,9
2024-09-05,card,ANON-0000-0000-0583,32.82,Latte,15:25:12,15,Thursday,September,9
2024-09-05,card,ANON-0000-0000-0584,23.02,Americano,16:38:50,16,Thursday,September,9
2024-09-05,card,ANON-0000-0000-0585,27.92,Americano with Milk,16:39:59,16,Thursday,September,9
2024-09-05,card,ANON-0000-0000-0586,32.82,Cappuccino,17:04:28,17,Thursday,September,9
2024-09-05,card,ANON-0000-0000-0586,32.82,Cappuccino,17:05:31,17,Thursday,September,9
2024-09-05,card,ANON-0000-0000-0587,32.82,Cappuccino,20:30:14,20,Thursday,September,9
2024-09-05,card,ANON-0000-0000-0588,23.02,Americano,20:54:24,20,Thursday,September,9
2024-09-05,card,ANON-0000-0000-0588,32.82,Cappuccino,20:55:31,20,Thursday,September,9
2024-09-05,card,ANON-0000-0000-0040,27.92,Americano with Milk,21:26:28,21,Thursday,September,9
2024-09-05,card,ANON-0000-0000-0040,27.92,Americano with Milk,21:27:29,21,Thursday,September,9
2024-09-06,card,ANON-0000-0000-0582,32.82,Cappuccino,08:25:33,8,Friday,September,9
2024-09-06,card,ANON-0000-0000-0425,32.82,Latte,08:34:46,8,Friday,September,9
2024-09-06,card,ANON-0000-0000-0589,23.02,Americano,08:54:41,8,Friday,September,9
2024-09-06,card,ANON-0000-0000-0590,18.12,Espresso,09:50:39,9,Friday,September,9
2024-09-06,card,ANON-0000-0000-0590,32.82,Latte,09:51:52,9,Friday,September,9
2024-09-06,card,ANON-0000-0000-0591,32.82,Hot Chocolate,10:30:06,10,Friday,September,9
2024-09-06,card,ANON-0000-0000-0095,18.12,Espresso,11:23:25,11,Friday,September,9
2024-09-06,card,ANON-0000-0000-0467,18.12,Espresso,11:24:29,11,Friday,September,9
2024-09-06,card,ANON-0000-0000-0283,32.82,Latte,20:00:12,20,Friday,September,9
2024-09-06,card,ANON-0000-0000-0507,32.82,Latte,21:09:31,21,Friday,September,9
2024-09-07,card,ANON-0000-0000-0592,32.82,Latte,08:48:57,8,Saturday,September,9
2024-09-07,card,ANON-0000-0000-0543,23.02,Cortado,09:52:02,9,Saturday,September,9
2024-09-07,card,ANON-0000-0000-0543,23.02,Cortado,09:53:03,9,Saturday,September,9
2024-09-07,card,ANON-0000-0000-0593,23.02,Cortado,09:54:41,9,Saturday,September,9
2024-09-07,card,ANON-0000-0000-0276,27.92,Americano with Milk,09:57:47,9,Saturday,September,9
2024-09-07,card,ANON-0000-0000-0276,27.92,Americano with Milk,09:59:02,9,Saturday,September,9
2024-09-07,card,ANON-0000-0000-0141,23.02,Cortado,10:00:19,10,Saturday,September,9
2024-09-07,card,ANON-0000-0000-0594,23.02,Americano,10:22:44,10,Saturday,September,9
2024-09-07,card,ANON-0000-0000-0595,18.12,Espresso,10:37:52,10,Saturday,September,9
2024-09-07,card,ANON-0000-0000-0595,18.12,Espresso,10:40:12,10,Saturday,September,9
2024-09-07,card,ANON-0000-0000-0596,32.82,Latte,10:53:32,10,Saturday,September,9
2024-09-07,card,ANON-0000-0000-0012,27.92,Americano with Milk,11:18:56,11,Saturday,September,9
2024-09-07,card,ANON-0000-0000-0019,23.02,Americano,11:20:00,11,Saturday,September,9
2024-09-07,card,ANON-0000-0000-0012,18.12,Espresso,11:20:57,11,Saturday,September,9
2024-09-07,card,ANON-0000-0000-0597,32.82,Latte,15:55:08,15,Saturday,September,9
2024-09-07,card,ANON-0000-0000-0019,23.02,Americano,16:20:01,16,Saturday,September,9
2024-09-07,card,ANON-0000-0000-0012,18.12,Espresso,16:20:59,16,Saturday,September,9
2024-09-07,card,ANON-0000-0000-0283,32.82,Cocoa,19:35:04,19,Saturday,September,9
2024-09-07,card,ANON-0000-0000-0283,32.82,Latte,19:36:05,19,Saturday,September,9
2024-09-07,card,ANON-0000-0000-0283,32.82,Latte,19:37:15,19,Saturday,September,9
2024-09-07,card,ANON-0000-0000-0598,32.82,Latte,20:13:51,20,Saturday,September,9
2024-09-07,card,ANON-0000-0000-0598,32.82,Latte,20:14:59,20,Saturday,September,9
2024-09-08,card,ANON-0000-0000-0141,23.02,Cortado,08:15:40,8,Sunday,September,9
2024-09-08,card,ANON-0000-0000-0543,23.02,Cortado,09:18:17,9,Sunday,September,9
2024-09-08,card,ANON-0000-0000-0543,23.02,Cortado,09:19:12,9,Sunday,September,9
2024-09-08,card,ANON-0000-0000-0543,23.02,Cortado,10:05:56,10,Sunday,September,9
2024-09-08,card,ANON-0000-0000-0486,23.02,Cortado,12:43:28,12,Sunday,September,9
2024-09-08,card,ANON-0000-0000-0347,23.02,Americano,20:13:32,20,Sunday,September,9
2024-09-09,card,ANON-0000-0000-0599,32.82,Latte,07:51:13,7,Monday,September,9
2024-09-09,card,ANON-0000-0000-0582,32.82,Cappuccino,07:53:51,7,Monday,September,9
2024-09-09,card,ANON-0000-0000-0599,27.92,Americano with Milk,07:55:21,7,Monday,September,9
2024-09-09,card,ANON-0000-0000-0570,32.82,Latte,07:56:37,7,Monday,September,9
2024-09-09,card,ANON-0000-0000-0583,32.82,Latte,09:49:50,9,Monday,September,9
2024-09-09,card,ANON-0000-0000-0583,32.82,Hot Chocolate,09:50:51,9,Monday,September,9
2024-09-09,card,ANON-0000-0000-0494,32.82,Latte,09:59:10,9,Monday,September,9
2024-09-09,card,ANON-0000-0000-0600,27.92,Americano with Milk,11:11:36,11,Monday,September,9
2024-09-09,card,ANON-0000-0000-0601,27.92,Americano with Milk,11:12:50,11,Monday,September,9
2024-09-09,card,ANON-0000-0000-0602,32.82,Latte,11:29:49,11,Monday,September,9
2024-09-09,card,ANON-0000-0000-0603,18.12,Espresso,12:06:59,12,Monday,September,9
2024-09-09,card,ANON-0000-0000-0604,32.82,Latte,15:12:13,15,Monday,September,9
2024-09-09,card,ANON-0000-0000-0604,23.02,Americano,15:13:24,15,Monday,September,9
2024-09-09,card,ANON-0000-0000-0605,32.82,Latte,17:24:10,17,Monday,September,9
2024-09-09,card,ANON-0000-0000-0507,32.82,Latte,18:13:46,18,Monday,September,9
2024-09-09,card,ANON-0000-0000-0268,32.82,Cappuccino,20:07:36,20,Monday,September,9
2024-09-09,card,ANON-0000-0000-0606,32.82,Latte,20:13:43,20,Monday,September,9
2024-09-10,card,ANON-0000-0000-0607,32.82,Hot Chocolate,08:12:02,8,Tuesday,September,9
2024-09-10,card,ANON-0000-0000-0608,32.82,Cappuccino,09:32:46,9,Tuesday,September,9
2024-09-10,card,ANON-0000-0000-0543,23.02,Cortado,15:21:54,15,Tuesday,September,9
2024-09-10,card,ANON-0000-0000-0543,23.02,Cortado,15:23:05,15,Tuesday,September,9
2024-09-10,card,ANON-0000-0000-0609,32.82,Cappuccino,18:43:41,18,Tuesday,September,9
2024-09-10,card,ANON-0000-0000-0610,27.92,Americano with Milk,18:45:22,18,Tuesday,September,9
2024-09-10,card,ANON-0000-0000-0611,32.82,Latte,19:02:43,19,Tuesday,September,9
2024-09-10,card,ANON-0000-0000-0611,32.82,Latte,19:03:53,19,Tuesday,September,9
2024-09-10,card,ANON-0000-0000-0012,27.92,Americano with Milk,21:29:34,21,Tuesday,September,9
2024-09-10,card,ANON-0000-0000-0012,23.02,Americano,21:30:27,21,Tuesday,September,9
2024-09-11,card,ANON-0000-0000-0612,32.82,Latte,08:47:22,8,Wednesday,September,9
2024-09-11,card,ANON-0000-0000-0097,27.92,Americano with Milk,09:28:46,9,Wednesday,September,9
2024-09-11,card,ANON-0000-0000-0613,32.82,Latte,10:52:09,10,Wednesday,September,9
2024-09-11,card,ANON-0000-0000-0614,32.82,Cappuccino,19:53:12,19,Wednesday,September,9
2024-09-11,card,ANON-0000-0000-0531,27.92,Americano with Milk,20:13:14,20,Wednesday,September,9
2024-09-11,card,ANON-0000-0000-0531,32.82,Latte,20:14:18,20,Wednesday,September,9
2024-09-11,card,ANON-0000-0000-0531,32.82,Latte,20:15:19,20,Wednesday,September,9
2024-09-11,card,ANON-0000-0000-0584,23.02,Cortado,21:01:34,21,Wednesday,September,9
2024-09-12,card,ANON-0000-0000-0347,18.12,Espresso,10:57:25,10,Thursday,September,9
2024-09-12,card,ANON-0000-0000-0347,27.92,Americano with Milk,10:58:19,10,Thursday,September,9
2024-09-12,card,ANON-0000-0000-0615,27.92,Americano with Milk,11:27:36,11,Thursday,September,9
2024-09-12,card,ANON-0000-0000-0565,32.82,Cappuccino,12:08:22,12,Thursday,September,9
2024-09-12,card,ANON-0000-0000-0616,23.02,Cortado,12:31:06,12,Thursday,September,9
2024-09-12,card,ANON-0000-0000-0616,23.02,Cortado,12:32:22,12,Thursday,September,9
2024-09-12,card,ANON-0000-0000-0141,23.02,Cortado,12:37:20,12,Thursday,September,9
2024-09-12,card,ANON-0000-0000-0141,23.02,Cortado,12:38:09,12,Thursday,September,9
2024-09-12,card,ANON-0000-0000-0617,32.82,Latte,17:01:25,17,Thursday,September,9
2024-09-12,card,ANON-0000-0000-0618,23.02,Americano,21:09:10,21,Thursday,September,9
2024-09-12,card,ANON-0000-0000-0618,32.82,Cappuccino,21:10:21,21,Thursday,September,9
2024-09-12,card,ANON-0000-0000-0319,23.02,Cortado,21:13:16,21,Thursday,September,9
2024-09-13,card,ANON-0000-0000-0570,32.82,Latte,07:56:53,7,Friday,September,9
2024-09-13,card,ANON-0000-0000-0425,32.82,Latte,08:41:02,8,Friday,September,9
2024-09-13,card,ANON-0000-0000-0375,32.82,Latte,08:54:15,8,Friday,September,9
2024-09-13,card,ANON-0000-0000-0619,32.82,Latte,09:51:19,9,Friday,September,9
2024-09-13,card,ANON-0000-0000-0242,27.92,Americano with Milk,15:38:18,15,Friday,September,9
2024-09-13,card,ANON-0000-0000-0552,27.92,Americano with Milk,15:50:53,15,Friday,September,9
2024-09-14,card,ANON-0000-0000-0543,32.82,Cappuccino,16:29:19,16,Saturday,September,9
2024-09-14,card,ANON-0000-0000-0543,32.82,Cappuccino,16:30:16,16,Saturday,September,9
2024-09-15,card,ANON-0000-0000-0347,18.12,Espresso,08:42:40,8,Sunday,September,9
2024-09-15,card,ANON-0000-0000-0620,27.92,Americano with Milk,09:49:38,9,Sunday,September,9
2024-09-15,card,ANON-0000-0000-0304,23.02,Americano,13:49:37,13,Sunday,September,9
2024-09-15,card,ANON-0000-0000-0141,23.02,Cortado,14:36:19,14,Sunday,September,9
2024-09-15,card,ANON-0000-0000-0141,23.02,Cortado,14:37:20,14,Sunday,September,9
2024-09-15,card,ANON-0000-0000-0543,32.82,Cappuccino,14:53:18,14,Sunday,September,9
2024-09-16,card,ANON-0000-0000-0621,32.82,Latte,13:32:22,13,Monday,September,9
2024-09-16,card,ANON-0000-0000-0584,27.92,Americano with Milk,13:33:36,13,Monday,September,9
2024-09-16,card,ANON-0000-0000-0621,32.82,Latte,15:23:19,15,Monday,September,9
2024-09-16,card,ANON-0000-0000-0622,27.92,Americano with Milk,17:16:05,17,Monday,September,9
2024-09-16,card,ANON-0000-0000-0623,32.82,Latte,17:18:03,17,Monday,September,9
2024-09-16,card,ANON-0000-0000-0624,32.82,Latte,18:54:45,18,Monday,September,9
2024-09-16,card,ANON-0000-0000-0625,32.82,Latte,18:56:05,18,Monday,September,9
2024-09-16,card,ANON-0000-0000-0626,27.92,Americano with Milk,21:10:18,21,Monday,September,9
2024-09-16,card,ANON-0000-0000-0626,32.82,Latte,21:11:32,21,Monday,September,9
2024-09-16,card,ANON-0000-0000-0287,27.92,Americano with Milk,21:37:47,21,Monday,September,9
2024-09-16,card,ANON-0000-0000-0097,27.92,Americano with Milk,21:38:48,21,Monday,September,9
2024-09-17,card,ANON-0000-0000-0627,23.02,Cortado,07:54:57,7,Tuesday,September,9
2024-09-17,card,ANON-0000-0000-0621,32.82,Latte,08:09:00,8,Tuesday,September,9
2024-09-17,card,ANON-0000-0000-0276,27.92,Americano with Milk,08:37:37,8,Tuesday,September,9
2024-09-17,card,ANON-0000-0000-0141,23.02,Cortado,08:42:31,8,Tuesday,September,9
2024-09-17,card,ANON-0000-0000-0554,32.82,Cappuccino,09:10:03,9,Tuesday,September,9
2024-09-17,card,ANON-0000-0000-0554,27.92,Americano with Milk,09:11:08,9,Tuesday,September,9
2024-09-17,card,ANON-0000-0000-0620,27.92,Americano with Milk,09:34:56,9,Tuesday,September,9
2024-09-17,card,ANON-0000-0000-0628,18.12,Espresso,12:38:33,12,Tuesday,September,9
2024-09-17,card,ANON-0000-0000-0628,27.92,Americano with Milk,12:39:33,12,Tuesday,September,9
2024-09-17,card,ANON-0000-0000-0629,32.82,Latte,12:44:15,12,Tuesday,September,9
2024-09-17,card,ANON-0000-0000-0554,27.92,Americano with Milk,13:54:23,13,Tuesday,September,9
2024-09-17,card,ANON-0000-0000-0630,23.02,Cortado,13:55:31,13,Tuesday,September,9
2024-09-17,card,ANON-0000-0000-0554,32.82,Cappuccino,16:29:37,16,Tuesday,September,9
2024-09-17,card,ANON-0000-0000-0630,32.82,Latte,16:31:00,16,Tuesday,September,9
2024-09-17,card,ANON-0000-0000-0631,32.82,Hot Chocolate,18:54:23,18,Tuesday,September,9
2024-09-17,card,ANON-0000-0000-0632,27.92,Americano with Milk,19:00:45,19,Tuesday,September,9
2024-09-17,card,ANON-0000-0000-0633,27.92,Americano with Milk,19:03:53,19,Tuesday,September,9
2024-09-17,card,ANON-0000-0000-0634,32.82,Latte,19:12:47,19,Tuesday,September,9
2024-09-17,card,ANON-0000-0000-0634,27.92,Americano with Milk,19:13:59,19,Tuesday,September,9
2024-09-17,card,ANON-0000-0000-0634,27.92,Americano with Milk,19:14:59,19,Tuesday,September,9
2024-09-17,card,ANON-0000-0000-0635,27.92,Americano with Milk,19:31:57,19,Tuesday,September,9
2024-09-17,card,ANON-0000-0000-0636,32.82,Hot Chocolate,22:19:35,22,Tuesday,September,9
2024-09-17,card,ANON-0000-0000-0637,32.82,Hot Chocolate,22:20:19,22,Tuesday,September,9
2024-09-18,card,ANON-0000-0000-0638,32.82,Latte,14:29:48,14,Wednesday,September,9
2024-09-18,card,ANON-0000-0000-0639,32.82,Latte,17:34:19,17,Wednesday,September,9
2024-09-18,card,ANON-0000-0000-0040,27.92,Americano with Milk,21:15:38,21,Wednesday,September,9
2024-09-18,card,ANON-0000-0000-0040,27.92,Americano with Milk,21:18:21,21,Wednesday,September,9
2024-09-19,card,ANON-0000-0000-0276,27.92,Americano with Milk,08:17:18,8,Thursday,September,9
2024-09-19,card,ANON-0000-0000-0627,23.02,Cortado,08:30:29,8,Thursday,September,9
2024-09-19,card,ANON-0000-0000-0494,32.82,Latte,10:01:30,10,Thursday,September,9
2024-09-19,card,ANON-0000-0000-0004,23.02,Americano,12:59:33,12,Thursday,September,9
2024-09-19,card,ANON-0000-0000-0004,27.92,Americano with Milk,13:00:33,13,Thursday,September,9
2024-09-19,card,ANON-0000-0000-0640,23.02,Cortado,13:45:42,13,Thursday,September,9
2024-09-20,card,ANON-0000-0000-0276,27.92,Americano with Milk,08:34:56,8,Friday,September,9
2024-09-20,card,ANON-0000-0000-0641,27.92,Americano with Milk,09:46:15,9,Friday,September,9
2024-09-20,card,ANON-0000-0000-0333,27.92,Americano with Milk,13:39:55,13,Friday,September,9
2024-09-20,card,ANON-0000-0000-0642,32.82,Latte,16:03:29,16,Friday,September,9
2024-09-20,card,ANON-0000-0000-0643,23.02,Americano,20:39:23,20,Friday,September,9
2024-09-20,card,ANON-0000-0000-0287,27.92,Americano with Milk,21:31:36,21,Friday,September,9
2024-09-20,card,ANON-0000-0000-0287,27.92,Americano with Milk,21:32:43,21,Friday,September,9
2024-09-21,card,ANON-0000-0000-0644,32.82,Latte,11:01:14,11,Saturday,September,9
2024-09-21,card,ANON-0000-0000-0644,32.82,Cocoa,11:02:13,11,Saturday,September,9
2024-09-21,card,ANON-0000-0000-0543,23.02,Cortado,11:37:47,11,Saturday,September,9
2024-09-21,card,ANON-0000-0000-0543,23.02,Cortado,11:38:44,11,Saturday,September,9
2024-09-21,card,ANON-0000-0000-0645,32.82,Cappuccino,15:10:09,15,Saturday,September,9
2024-09-21,card,ANON-0000-0000-0646,32.82,Latte,15:36:13,15,Saturday,September,9
2024-09-21,card,ANON-0000-0000-0507,32.82,Latte,18:16:28,18,Saturday,September,9
2024-09-21,card,ANON-0000-0000-0507,32.82,Latte,18:17:30,18,Saturday,September,9
2024-09-21,card,ANON-0000-0000-0040,23.02,Americano,20:29:42,20,Saturday,September,9
2024-09-21,card,ANON-0000-0000-0040,23.02,Americano,20:30:38,20,Saturday,September,9
2024-09-21,card,ANON-0000-0000-0602,32.82,Latte,20:33:58,20,Saturday,September,9
2024-09-21,card,ANON-0000-0000-0602,32.82,Latte,20:35:30,20,Saturday,September,9
2024-09-21,card,ANON-0000-0000-0647,27.92,Americano with Milk,22:18:46,22,Saturday,September,9
2024-09-21,card,ANON-0000-0000-0647,23.02,Americano,22:19:50,22,Saturday,September,9
2024-09-21,card,ANON-0000-0000-0647,23.02,Americano,22:20:48,22,Saturday,September,9
2024-09-22,card,ANON-0000-0000-0648,23.02,Americano,08:32:54,8,Sunday,September,9
2024-09-22,card,ANON-0000-0000-0649,27.92,Americano with Milk,10:12:09,10,Sunday,September,9
2024-09-22,card,ANON-0000-0000-0649,32.82,Latte,10:13:08,10,Sunday,September,9
2024-09-22,card,ANON-0000-0000-0650,23.02,Cortado,11:06:26,11,Sunday,September,9
2024-09-22,card,ANON-0000-0000-0650,23.02,Cortado,11:07:36,11,Sunday,September,9
2024-09-22,card,ANON-0000-0000-0651,27.92,Americano with Milk,11:51:59,11,Sunday,September,9
2024-09-22,card,ANON-0000-0000-0099,23.02,Americano,11:55:12,11,Sunday,September,9
2024-09-22,card,ANON-0000-0000-0276,27.92,Americano with Milk,12:07:20,12,Sunday,September,9
2024-09-22,card,ANON-0000-0000-0333,27.92,Americano with Milk,13:28:14,13,Sunday,September,9
2024-09-22,card,ANON-0000-0000-0333,27.92,Americano with Milk,13:29:35,13,Sunday,September,9
2024-09-22,card,ANON-0000-0000-0510,27.92,Americano with Milk,13:33:34,13,Sunday,September,9
2024-09-22,card,ANON-0000-0000-0652,32.82,Latte,15:34:10,15,Sunday,September,9
2024-09-22,card,ANON-0000-0000-0652,27.92,Americano with Milk,15:35:24,15,Sunday,September,9
2024-09-22,card,ANON-0000-0000-0653,32.82,Cocoa,16:25:03,16,Sunday,September,9
2024-09-22,card,ANON-0000-0000-0654,32.82,Latte,20:19:10,20,Sunday,September,9
2024-09-22,card,ANON-0000-0000-0654,32.82,Cappuccino,20:20:35,20,Sunday,September,9
2024-09-22,card,ANON-0000-0000-0455,27.92,Americano with Milk,20:46:26,20,Sunday,September,9
2024-09-22,card,ANON-0000-0000-0455,27.92,Americano with Milk,20:47:35,20,Sunday,September,9
2024-09-22,card,ANON-0000-0000-0655,27.92,Americano with Milk,21:07:04,21,Sunday,September,9
2024-09-22,card,ANON-0000-0000-0655,27.92,Americano with Milk,21:08:14,21,Sunday,September,9
2024-09-22,card,ANON-0000-0000-0637,32.82,Hot Chocolate,21:54:04,21,Sunday,September,9
2024-09-22,card,ANON-0000-0000-0637,32.82,Hot Chocolate,21:54:54,21,Sunday,September,9
2024-09-22,card,ANON-0000-0000-0656,23.02,Americano,22:37:02,22,Sunday,September,9
2024-09-22,card,ANON-0000-0000-0657,27.92,Americano with Milk,22:37:58,22,Sunday,September,9
2024-09-23,card,ANON-0000-0000-0276,27.92,Americano with Milk,09:03:36,9,Monday,September,9
2024-09-23,card,ANON-0000-0000-0141,23.02,Cortado,10:04:17,10,Monday,September,9
2024-09-23,card,ANON-0000-0000-0584,23.02,Americano,12:11:04,12,Monday,September,9
2024-09-23,card,ANON-0000-0000-0573,27.92,Americano with Milk,14:08:51,14,Monday,September,9
2024-09-23,card,ANON-0000-0000-0658,32.82,Cappuccino,17:27:47,17,Monday,September,9
2024-09-23,card,ANON-0000-0000-0659,23.02,Americano,18:48:30,18,Monday,September,9
2024-09-23,card,ANON-0000-0000-0507,32.82,Latte,19:47:21,19,Monday,September,9
2024-09-23,card,ANON-0000-0000-0206,32.82,Cappuccino,20:09:45,20,Monday,September,9
2024-09-23,card,ANON-0000-0000-0641,27.92,Americano with Milk,22:13:30,22,Monday,September,9
2024-09-23,card,ANON-0000-0000-0641,27.92,Americano with Milk,22:15:14,22,Monday,September,9
2024-09-24,card,ANON-0000-0000-0276,27.92,Americano with Milk,08:33:32,8,Tuesday,September,9
2024-09-24,card,ANON-0000-0000-0634,32.82,Latte,12:23:56,12,Tuesday,September,9
2024-09-24,card,ANON-0000-0000-0634,32.82,Latte,12:24:54,12,Tuesday,September,9
2024-09-24,card,ANON-0000-0000-0660,32.82,Latte,12:46:44,12,Tuesday,September,9
2024-09-24,card,ANON-0000-0000-0660,32.82,Latte,12:47:49,12,Tuesday,September,9
2024-09-24,card,ANON-0000-0000-0661,32.82,Latte,14:11:39,14,Tuesday,September,9
2024-09-24,card,ANON-0000-0000-0662,23.02,Cortado,14:31:28,14,Tuesday,September,9
2024-09-24,card,ANON-0000-0000-0510,32.82,Cappuccino,15:37:23,15,Tuesday,September,9
2024-09-24,card,ANON-0000-0000-0583,32.82,Latte,16:38:48,16,Tuesday,September,9
2024-09-24,card,ANON-0000-0000-0408,23.02,Americano,18:43:02,18,Tuesday,September,9
2024-09-24,card,ANON-0000-0000-0408,23.02,Americano,18:43:54,18,Tuesday,September,9
2024-09-24,card,ANON-0000-0000-0663,32.82,Hot Chocolate,20:15:50,20,Tuesday,September,9
2024-09-24,card,ANON-0000-0000-0631,32.82,Latte,21:05:14,21,Tuesday,September,9
2024-09-24,card,ANON-0000-0000-0531,27.92,Americano with Milk,21:06:32,21,Tuesday,September,9
2024-09-24,card,ANON-0000-0000-0531,27.92,Americano with Milk,21:07:34,21,Tuesday,September,9
2024-09-25,card,ANON-0000-0000-0664,32.82,Cappuccino,07:51:21,7,Wednesday,September,9
2024-09-25,card,ANON-0000-0000-0141,23.02,Cortado,11:35:32,11,Wednesday,September,9
2024-09-25,card,ANON-0000-0000-0665,27.92,Americano with Milk,11:51:15,11,Wednesday,September,9
2024-09-25,card,ANON-0000-0000-0665,32.82,Latte,11:52:53,11,Wednesday,September,9
2024-09-25,card,ANON-0000-0000-0666,27.92,Americano with Milk,13:54:51,13,Wednesday,September,9
2024-09-25,card,ANON-0000-0000-0666,27.92,Americano with Milk,13:55:59,13,Wednesday,September,9
2024-09-25,card,ANON-0000-0000-0667,27.92,Americano with Milk,17:36:37,17,Wednesday,September,9
2024-09-25,card,ANON-0000-0000-0667,27.92,Americano with Milk,17:37:31,17,Wednesday,September,9
2024-09-25,card,ANON-0000-0000-0668,23.02,Americano,21:34:41,21,Wednesday,September,9
2024-09-25,card,ANON-0000-0000-0475,27.92,Americano with Milk,22:18:51,22,Wednesday,September,9
2024-09-26,card,ANON-0000-0000-0570,32.82,Latte,08:43:35,8,Thursday,September,9
2024-09-26,card,ANON-0000-0000-0333,27.92,Americano with Milk,10:37:06,10,Thursday,September,9
2024-09-26,card,ANON-0000-0000-0669,18.12,Espresso,10:55:52,10,Thursday,September,9
2024-09-26,card,ANON-0000-0000-0670,32.82,Cappuccino,11:34:48,11,Thursday,September,9
2024-09-26,card,ANON-0000-0000-0671,32.82,Latte,12:48:01,12,Thursday,September,9
2024-09-26,card,ANON-0000-0000-0672,32.82,Latte,18:21:55,18,Thursday,September,9
2024-09-26,card,ANON-0000-0000-0673,32.82,Latte,22:45:15,22,Thursday,September,9
2024-09-26,card,ANON-0000-0000-0673,23.02,Cortado,22:46:17,22,Thursday,September,9
2024-09-26,card,ANON-0000-0000-0472,27.92,Americano with Milk,22:47:24,22,Thursday,September,9
2024-09-27,card,ANON-0000-0000-0276,27.92,Americano with Milk,09:29:45,9,Friday,September,9
2024-09-27,card,ANON-0000-0000-0141,23.02,Cortado,09:33:43,9,Friday,September,9
2024-09-27,card,ANON-0000-0000-0674,32.82,Cappuccino,09:41:04,9,Friday,September,9
2024-09-27,card,ANON-0000-0000-0333,27.92,Americano with Milk,10:46:56,10,Friday,September,9
2024-09-27,card,ANON-0000-0000-0333,27.92,Americano with Milk,11:35:00,11,Friday,September,9
2024-09-27,card,ANON-0000-0000-0675,32.82,Cappuccino,13:20:31,13,Friday,September,9
2024-09-27,card,ANON-0000-0000-0676,32.82,Cappuccino,13:25:05,13,Friday,September,9
2024-09-27,card,ANON-0000-0000-0676,23.02,Americano,13:28:33,13,Friday,September,9
2024-09-27,card,ANON-0000-0000-0677,27.92,Americano with Milk,13:33:52,13,Friday,September,9
2024-09-27,card,ANON-0000-0000-0678,32.82,Latte,18:07:43,18,Friday,September,9
2024-09-27,card,ANON-0000-0000-0678,32.82,Latte,18:08:58,18,Friday,September,9
2024-09-27,card,ANON-0000-0000-0679,32.82,Cappuccino,18:37:45,18,Friday,September,9
2024-09-27,card,ANON-0000-0000-0680,32.82,Cappuccino,18:40:53,18,Friday,September,9
2024-09-27,card,ANON-0000-0000-0408,32.82,Cappuccino,20:18:13,20,Friday,September,9
2024-09-27,card,ANON-0000-0000-0408,32.82,Cappuccino,20:19:14,20,Friday,September,9
2024-09-27,card,ANON-0000-0000-0681,27.92,Americano with Milk,20:58:14,20,Friday,September,9
2024-09-28,card,ANON-0000-0000-0666,27.92,Americano with Milk,08:06:45,8,Saturday,September,9
2024-09-28,card,ANON-0000-0000-0682,27.92,Americano with Milk,09:31:14,9,Saturday,September,9
2024-09-28,card,ANON-0000-0000-0507,35.76,Latte,14:25:47,14,Saturday,September,9
2024-09-28,card,ANON-0000-0000-0683,35.76,Latte,16:57:20,16,Saturday,September,9
2024-09-28,card,ANON-0000-0000-0684,30.86,Americano with Milk,17:26:16,17,Saturday,September,9
2024-09-28,card,ANON-0000-0000-0445,35.76,Latte,20:34:31,20,Saturday,September,9
2024-09-28,card,ANON-0000-0000-0685,35.76,Latte,20:38:36,20,Saturday,September,9
2024-09-28,card,ANON-0000-0000-0686,35.76,Cappuccino,22:16:36,22,Saturday,September,9
2024-09-28,card,ANON-0000-0000-0686,35.76,Cocoa,22:17:29,22,Saturday,September,9
2024-09-28,card,ANON-0000-0000-0687,25.96,Cortado,22:18:16,22,Saturday,September,9
2024-09-28,card,ANON-0000-0000-0687,35.76,Hot Chocolate,22:19:13,22,Saturday,September,9
2024-09-29,card,ANON-0000-0000-0467,25.96,Americano,10:48:45,10,Sunday,September,9
2024-09-29,card,ANON-0000-0000-0172,35.76,Cappuccino,10:50:05,10,Sunday,September,9
2024-09-29,card,ANON-0000-0000-0172,35.76,Cappuccino,10:51:03,10,Sunday,September,9
2024-09-29,card,ANON-0000-0000-0172,35.76,Cappuccino,10:52:23,10,Sunday,September,9
2024-09-29,card,ANON-0000-0000-0333,30.86,Americano with Milk,10:53:42,10,Sunday,September,9
2024-09-29,card,ANON-0000-0000-0683,35.76,Latte,12:35:43,12,Sunday,September,9
2024-09-29,card,ANON-0000-0000-0141,25.96,Cortado,12:50:58,12,Sunday,September,9
2024-09-29,card,ANON-0000-0000-0602,35.76,Latte,12:54:15,12,Sunday,September,9
2024-09-29,card,ANON-0000-0000-0688,35.76,Latte,12:55:21,12,Sunday,September,9
2024-09-29,card,ANON-0000-0000-0689,35.76,Cappuccino,18:02:27,18,Sunday,September,9
2024-09-29,card,ANON-0000-0000-0690,35.76,Latte,22:31:02,22,Sunday,September,9
2024-09-30,card,ANON-0000-0000-0141,25.96,Cortado,08:08:47,8,Monday,September,9
2024-09-30,card,ANON-0000-0000-0691,25.96,Cortado,08:58:54,8,Monday,September,9
2024-09-30,card,ANON-0000-0000-0692,35.76,Hot Chocolate,09:00:04,9,Monday,September,9
2024-09-30,card,ANON-0000-0000-0276,30.86,Americano with Milk,10:01:09,10,Monday,September,9
2024-09-30,card,ANON-0000-0000-0141,25.96,Cortado,10:05:18,10,Monday,September,9
2024-09-30,card,ANON-0000-0000-0693,30.86,Americano with Milk,11:32:54,11,Monday,September,9
2024-09-30,card,ANON-0000-0000-0333,30.86,Americano with Milk,16:45:44,16,Monday,September,9
2024-09-30,card,ANON-0000-0000-0507,35.76,Latte,19:32:18,19,Monday,September,9
2024-09-30,card,ANON-0000-0000-0694,30.86,Americano with Milk,19:53:14,19,Monday,September,9
2024-09-30,card,ANON-0000-0000-0694,25.96,Cortado,19:54:17,19,Monday,September,9
2024-09-30,card,ANON-0000-0000-0631,35.76,Latte,19:59:18,19,Monday,September,9
2024-09-30,card,ANON-0000-0000-0531,30.86,Americano with Milk,20:00:42,20,Monday,September,9
2024-09-30,card,ANON-0000-0000-0633,30.86,Americano with Milk,20:01:42,20,Monday,September,9
2024-09-30,card,ANON-0000-0000-0695,30.86,Americano with Milk,21:41:07,21,Monday,September,9
2024-10-01,card,ANON-0000-0000-0696,35.76,Latte,07:47:08,7,Tuesday,October,10
2024-10-01,card,ANON-0000-0000-0276,30.86,Americano with Milk,09:48:30,9,Tuesday,October,10
2024-10-01,card,ANON-0000-0000-0333,30.86,Americano with Milk,10:02:26,10,Tuesday,October,10
2024-10-01,card,ANON-0000-0000-0333,30.86,Americano with Milk,10:03:47,10,Tuesday,October,10
2024-10-01,card,ANON-0000-0000-0697,30.86,Americano with Milk,11:55:31,11,Tuesday,October,10
2024-10-01,card,ANON-0000-0000-0698,30.86,Americano with Milk,12:12:48,12,Tuesday,October,10
2024-10-01,card,ANON-0000-0000-0698,30.86,Americano with Milk,12:14:23,12,Tuesday,October,10
2024-10-01,card,ANON-0000-0000-0699,25.96,Americano,14:17:34,14,Tuesday,October,10
2024-10-01,card,ANON-0000-0000-0699,30.86,Americano with Milk,14:18:52,14,Tuesday,October,10
2024-10-01,card,ANON-0000-0000-0637,35.76,Hot Chocolate,16:08:38,16,Tuesday,October,10
2024-10-01,card,ANON-0000-0000-0700,25.96,Americano,16:41:54,16,Tuesday,October,10
2024-10-01,card,ANON-0000-0000-0701,35.76,Latte,18:08:26,18,Tuesday,October,10
2024-10-01,card,ANON-0000-0000-0702,35.76,Latte,18:23:11,18,Tuesday,October,10
2024-10-01,card,ANON-0000-0000-0702,35.76,Hot Chocolate,18:24:14,18,Tuesday,October,10
2024-10-01,card,ANON-0000-0000-0585,35.76,Hot Chocolate,20:03:22,20,Tuesday,October,10
2024-10-02,card,ANON-0000-0000-0703,35.76,Latte,07:57:18,7,Wednesday,October,10
2024-10-02,card,ANON-0000-0000-0141,25.96,Cortado,08:42:44,8,Wednesday,October,10
2024-10-02,card,ANON-0000-0000-0276,30.86,Americano with Milk,09:19:17,9,Wednesday,October,10
2024-10-02,card,ANON-0000-0000-0375,35.76,Latte,10:22:01,10,Wednesday,October,10
2024-10-02,card,ANON-0000-0000-0704,30.86,Americano with Milk,10:23:55,10,Wednesday,October,10
2024-10-02,card,ANON-0000-0000-0705,35.76,Cappuccino,11:28:53,11,Wednesday,October,10
2024-10-02,card,ANON-0000-0000-0706,35.76,Cappuccino,15:13:42,15,Wednesday,October,10
2024-10-02,card,ANON-0000-0000-0255,35.76,Hot Chocolate,18:31:07,18,Wednesday,October,10
2024-10-02,card,ANON-0000-0000-0637,35.76,Hot Chocolate,22:18:55,22,Wednesday,October,10
2024-10-02,card,ANON-0000-0000-0637,35.76,Hot Chocolate,22:19:40,22,Wednesday,October,10
2024-10-02,card,ANON-0000-0000-0707,35.76,Hot Chocolate,22:20:23,22,Wednesday,October,10
2024-10-03,card,ANON-0000-0000-0708,35.76,Cocoa,13:47:35,13,Thursday,October,10
2024-10-03,card,ANON-0000-0000-0709,30.86,Americano with Milk,15:12:05,15,Thursday,October,10
2024-10-03,card,ANON-0000-0000-0710,25.96,Cortado,20:12:57,20,Thursday,October,10
2024-10-03,card,ANON-0000-0000-0710,35.76,Hot Chocolate,20:14:04,20,Thursday,October,10
2024-10-03,card,ANON-0000-0000-0637,35.76,Hot Chocolate,21:21:06,21,Thursday,October,10
2024-10-03,card,ANON-0000-0000-0637,35.76,Hot Chocolate,21:21:46,21,Thursday,October,10
2024-10-03,card,ANON-0000-0000-0711,35.76,Cappuccino,21:29:03,21,Thursday,October,10
2024-10-03,card,ANON-0000-0000-0712,35.76,Hot Chocolate,21:31:00,21,Thursday,October,10
2024-10-04,card,ANON-0000-0000-0440,25.96,Americano,08:44:00,8,Friday,October,10
2024-10-04,card,ANON-0000-0000-0440,25.96,Americano,08:45:38,8,Friday,October,10
2024-10-04,card,ANON-0000-0000-0004,30.86,Americano with Milk,09:30:22,9,Friday,October,10
2024-10-04,card,ANON-0000-0000-0003,25.96,Americano,09:31:27,9,Friday,October,10
2024-10-04,card,ANON-0000-0000-0650,25.96,Cortado,09:53:58,9,Friday,October,10
2024-10-04,card,ANON-0000-0000-0650,25.96,Cortado,09:55:04,9,Friday,October,10
2024-10-04,card,ANON-0000-0000-0713,35.76,Latte,17:35:14,17,Friday,October,10
2024-10-04,card,ANON-0000-0000-0714,35.76,Hot Chocolate,17:42:22,17,Friday,October,10
2024-10-04,card,ANON-0000-0000-0714,35.76,Cocoa,17:44:36,17,Friday,October,10
2024-10-05,card,ANON-0000-0000-0141,25.96,Cortado,09:00:46,9,Saturday,October,10
2024-10-05,card,ANON-0000-0000-0141,25.96,Cortado,09:01:42,9,Saturday,October,10
2024-10-05,card,ANON-0000-0000-0715,35.76,Cocoa,09:35:44,9,Saturday,October,10
2024-10-05,card,ANON-0000-0000-0206,35.76,Cappuccino,13:12:13,13,Saturday,October,10
2024-10-05,card,ANON-0000-0000-0012,25.96,Americano,20:08:38,20,Saturday,October,10
2024-10-05,card,ANON-0000-0000-0012,25.96,Americano,20:09:33,20,Saturday,October,10
2024-10-06,card,ANON-0000-0000-0141,25.96,Cortado,08:22:56,8,Sunday,October,10
2024-10-06,card,ANON-0000-0000-0195,35.76,Cappuccino,10:05:43,10,Sunday,October,10
2024-10-06,card,ANON-0000-0000-0195,25.96,Cortado,10:06:47,10,Sunday,October,10
2024-10-06,card,ANON-0000-0000-0716,35.76,Latte,11:55:28,11,Sunday,October,10
2024-10-06,card,ANON-0000-0000-0665,35.76,Latte,12:09:03,12,Sunday,October,10
2024-10-06,card,ANON-0000-0000-0665,35.76,Cappuccino,12:10:17,12,Sunday,October,10
2024-10-06,card,ANON-0000-0000-0665,30.86,Americano with Milk,12:11:43,12,Sunday,October,10
2024-10-06,card,ANON-0000-0000-0717,25.96,Americano,13:46:03,13,Sunday,October,10
2024-10-06,card,ANON-0000-0000-0717,35.76,Cappuccino,13:47:01,13,Sunday,October,10
2024-10-06,card,ANON-0000-0000-0718,30.86,Americano with Milk,13:50:00,13,Sunday,October,10
2024-10-06,card,ANON-0000-0000-0718,35.76,Latte,13:51:04,13,Sunday,October,10
2024-10-06,card,ANON-0000-0000-0718,35.76,Cappuccino,13:51:56,13,Sunday,October,10
2024-10-06,card,ANON-0000-0000-0719,35.76,Cappuccino,16:31:33,16,Sunday,October,10
2024-10-06,card,ANON-0000-0000-0720,21.06,Espresso,16:35:45,16,Sunday,October,10
2024-10-06,card,ANON-0000-0000-0721,30.86,Americano with Milk,18:17:44,18,Sunday,October,10
2024-10-06,card,ANON-0000-0000-0722,35.76,Hot Chocolate,18:35:16,18,Sunday,October,10
2024-10-06,card,ANON-0000-0000-0723,35.76,Hot Chocolate,21:09:12,21,Sunday,October,10
2024-10-06,card,ANON-0000-0000-0723,35.76,Hot Chocolate,21:10:00,21,Sunday,October,10
2024-10-06,card,ANON-0000-0000-0636,35.76,Hot Chocolate,21:10:45,21,Sunday,October,10
2024-10-06,card,ANON-0000-0000-0637,35.76,Latte,21:16:48,21,Sunday,October,10
2024-10-07,card,ANON-0000-0000-0724,35.76,Latte,08:33:36,8,Monday,October,10
2024-10-07,card,ANON-0000-0000-0385,35.76,Latte,08:49:36,8,Monday,October,10
2024-10-07,card,ANON-0000-0000-0385,30.86,Americano with Milk,08:50:41,8,Monday,October,10
2024-10-07,card,ANON-0000-0000-0725,35.76,Cocoa,09:05:28,9,Monday,October,10
2024-10-07,card,ANON-0000-0000-0726,35.76,Latte,09:09:58,9,Monday,October,10
2024-10-07,card,ANON-0000-0000-0727,30.86,Americano with Milk,12:17:56,12,Monday,October,10
2024-10-07,card,ANON-0000-0000-0728,25.96,Americano,14:31:45,14,Monday,October,10
2024-10-07,card,ANON-0000-0000-0728,25.96,Americano,14:32:38,14,Monday,October,10
2024-10-07,card,ANON-0000-0000-0494,35.76,Latte,17:48:55,17,Monday,October,10
2024-10-07,card,ANON-0000-0000-0636,35.76,Hot Chocolate,21:14:42,21,Monday,October,10
2024-10-07,card,ANON-0000-0000-0636,35.76,Hot Chocolate,21:15:20,21,Monday,October,10
2024-10-07,card,ANON-0000-0000-0598,35.76,Latte,21:40:48,21,Monday,October,10
2024-10-08,card,ANON-0000-0000-0703,35.76,Latte,08:11:50,8,Tuesday,October,10
2024-10-08,card,ANON-0000-0000-0276,30.86,Americano with Milk,09:05:14,9,Tuesday,October,10
2024-10-08,card,ANON-0000-0000-0700,25.96,Americano,10:22:31,10,Tuesday,October,10
2024-10-08,card,ANON-0000-0000-0683,35.76,Latte,10:27:08,10,Tuesday,October,10
2024-10-08,card,ANON-0000-0000-0726,35.76,Latte,11:30:10,11,Tuesday,October,10
2024-10-08,card,ANON-0000-0000-0225,25.96,Americano,12:48:04,12,Tuesday,October,10
2024-10-08,card,ANON-0000-0000-0225,25.96,Americano,12:49:04,12,Tuesday,October,10
2024-10-08,card,ANON-0000-0000-0729,35.76,Latte,13:04:00,13,Tuesday,October,10
2024-10-08,card,ANON-0000-0000-0729,35.76,Latte,13:04:59,13,Tuesday,October,10
2024-10-08,card,ANON-0000-0000-0507,35.76,Latte,14:42:52,14,Tuesday,October,10
2024-10-08,card,ANON-0000-0000-0475,35.76,Latte,15:13:41,15,Tuesday,October,10
2024-10-08,card,ANON-0000-0000-0050,25.96,Americano,15:19:52,15,Tuesday,October,10
2024-10-08,card,ANON-0000-0000-0730,30.86,Americano with Milk,15:50:43,15,Tuesday,October,10
2024-10-08,card,ANON-0000-0000-0731,35.76,Hot Chocolate,20:40:40,20,Tuesday,October,10
2024-10-08,card,ANON-0000-0000-0731,35.76,Cappuccino,20:41:33,20,Tuesday,October,10
2024-10-08,card,ANON-0000-0000-0732,35.76,Latte,20:51:08,20,Tuesday,October,10
2024-10-08,card,ANON-0000-0000-0040,30.86,Americano with Milk,21:24:32,21,Tuesday,October,10
2024-10-08,card,ANON-0000-0000-0040,30.86,Americano with Milk,21:25:32,21,Tuesday,October,10
2024-10-09,card,ANON-0000-0000-0570,35.76,Latte,07:54:42,7,Wednesday,October,10
2024-10-09,card,ANON-0000-0000-0276,30.86,Americano with Milk,08:25:57,8,Wednesday,October,10
2024-10-09,card,ANON-0000-0000-0424,30.86,Americano with Milk,09:43:21,9,Wednesday,October,10
2024-10-09,card,ANON-0000-0000-0494,35.76,Latte,09:59:39,9,Wednesday,October,10
2024-10-09,card,ANON-0000-0000-0733,21.06,Espresso,10:37:56,10,Wednesday,October,10
2024-10-09,card,ANON-0000-0000-0734,25.96,Americano,11:18:02,11,Wednesday,October,10
2024-10-09,card,ANON-0000-0000-0726,35.76,Latte,13:03:08,13,Wednesday,October,10
2024-10-09,card,ANON-0000-0000-0735,30.86,Americano with Milk,13:52:34,13,Wednesday,October,10
2024-10-09,card,ANON-0000-0000-0658,35.76,Cappuccino,17:26:44,17,Wednesday,October,10
2024-10-09,card,ANON-0000-0000-0658,25.96,Americano,17:27:48,17,Wednesday,October,10
2024-10-09,card,ANON-0000-0000-0736,21.06,Espresso,17:49:59,17,Wednesday,October,10
2024-10-09,card,ANON-0000-0000-0737,35.76,Cappuccino,20:49:12,20,Wednesday,October,10
2024-10-10,card,ANON-0000-0000-0003,25.96,Americano,08:48:06,8,Thursday,October,10
2024-10-10,card,ANON-0000-0000-0276,30.86,Americano with Milk,09:23:20,9,Thursday,October,10
2024-10-10,card,ANON-0000-0000-0738,35.76,Hot Chocolate,09:51:44,9,Thursday,October,10
2024-10-10,card,ANON-0000-0000-0375,35.76,Latte,10:05:09,10,Thursday,October,10
2024-10-10,card,ANON-0000-0000-0141,25.96,Cortado,10:42:43,10,Thursday,October,10
2024-10-10,card,ANON-0000-0000-0141,25.96,Cortado,10:43:30,10,Thursday,October,10
2024-10-10,card,ANON-0000-0000-0739,35.76,Latte,10:55:32,10,Thursday,October,10
2024-10-10,card,ANON-0000-0000-0740,35.76,Latte,11:04:19,11,Thursday,October,10
2024-10-10,card,ANON-0000-0000-0510,35.76,Cappuccino,15:05:42,15,Thursday,October,10
2024-10-10,card,ANON-0000-0000-0741,35.76,Latte,17:40:44,17,Thursday,October,10
2024-10-10,card,ANON-0000-0000-0742,25.96,Americano,18:18:32,18,Thursday,October,10
2024-10-10,card,ANON-0000-0000-0713,30.86,Americano with Milk,18:56:30,18,Thursday,October,10
2024-10-10,card,ANON-0000-0000-0713,35.76,Latte,18:57:35,18,Thursday,October,10
2024-10-10,card,ANON-0000-0000-0637,35.76,Hot Chocolate,22:33:16,22,Thursday,October,10
2024-10-10,card,ANON-0000-0000-0637,35.76,Hot Chocolate,22:33:59,22,Thursday,October,10
2024-10-11,card,ANON-0000-0000-0276,30.86,Americano with Milk,07:54:51,7,Friday,October,10
2024-10-11,card,ANON-0000-0000-0703,35.76,Latte,08:00:50,8,Friday,October,10
2024-10-11,card,ANON-0000-0000-0141,25.96,Cortado,08:12:20,8,Friday,October,10
2024-10-11,card,ANON-0000-0000-0570,35.76,Latte,08:28:18,8,Friday,October,10
2024-10-11,card,ANON-0000-0000-0570,35.76,Cocoa,08:29:22,8,Friday,October,10
2024-10-11,card,ANON-0000-0000-0725,35.76,Cocoa,08:55:43,8,Friday,October,10
2024-10-11,card,ANON-0000-0000-0726,30.86,Americano with Milk,08:56:58,8,Friday,October,10
2024-10-11,card,ANON-0000-0000-0743,35.76,Hot Chocolate,08:58:09,8,Friday,October,10
2024-10-11,card,ANON-0000-0000-0744,30.86,Americano with Milk,09:31:42,9,Friday,October,10
2024-10-11,card,ANON-0000-0000-0402,25.96,Cortado,09:38:46,9,Friday,October,10
2024-10-11,card,ANON-0000-0000-0375,25.96,Americano,10:00:40,10,Friday,October,10
2024-10-11,card,ANON-0000-0000-0375,25.96,Americano,10:01:54,10,Friday,October,10
2024-10-11,card,ANON-0000-0000-0242,30.86,Americano with Milk,10:30:35,10,Friday,October,10
2024-10-11,card,ANON-0000-0000-0740,35.76,Latte,13:05:01,13,Friday,October,10
2024-10-11,card,ANON-0000-0000-0012,25.96,Americano,13:29:02,13,Friday,October,10
2024-10-11,card,ANON-0000-0000-0012,25.96,Americano,13:30:09,13,Friday,October,10
2024-10-11,card,ANON-0000-0000-0745,35.76,Cocoa,14:33:40,14,Friday,October,10
2024-10-11,card,ANON-0000-0000-0745,25.96,Americano,14:35:29,14,Friday,October,10
2024-10-11,card,ANON-0000-0000-0714,35.76,Cappuccino,14:50:08,14,Friday,October,10
2024-10-11,card,ANON-0000-0000-0746,35.76,Latte,17:12:07,17,Friday,October,10
2024-10-11,card,ANON-0000-0000-0746,35.76,Hot Chocolate,17:13:21,17,Friday,October,10
2024-10-11,card,ANON-0000-0000-0747,35.76,Hot Chocolate,17:26:11,17,Friday,October,10
2024-10-11,card,ANON-0000-0000-0690,35.76,Latte,21:48:37,21,Friday,October,10
2024-10-11,card,ANON-0000-0000-0748,30.86,Americano with Milk,21:53:53,21,Friday,October,10
2024-10-11,card,ANON-0000-0000-0749,35.76,Hot Chocolate,22:36:27,22,Friday,October,10
2024-10-11,card,ANON-0000-0000-0749,35.76,Hot Chocolate,22:37:26,22,Friday,October,10
2024-10-12,card,ANON-0000-0000-0141,25.96,Cortado,08:28:15,8,Saturday,October,10
2024-10-12,card,ANON-0000-0000-0650,25.96,Cortado,10:31:38,10,Saturday,October,10
2024-10-12,card,ANON-0000-0000-0650,25.96,Cortado,10:32:55,10,Saturday,October,10
2024-10-12,card,ANON-0000-0000-0507,35.76,Latte,11:52:15,11,Saturday,October,10
2024-10-12,card,ANON-0000-0000-0750,30.86,Americano with Milk,11:53:41,11,Saturday,October,10
2024-10-12,card,ANON-0000-0000-0751,35.76,Cappuccino,13:18:47,13,Saturday,October,10
2024-10-12,card,ANON-0000-0000-0507,35.76,Latte,20:10:53,20,Saturday,October,10
2024-10-13,card,ANON-0000-0000-0141,25.96,Cortado,09:54:55,9,Sunday,October,10
2024-10-13,card,ANON-0000-0000-0752,30.86,Americano with Milk,12:20:46,12,Sunday,October,10
2024-10-13,card,ANON-0000-0000-0650,25.96,Cortado,13:32:29,13,Sunday,October,10
2024-10-13,card,ANON-0000-0000-0650,21.06,Espresso,13:33:29,13,Sunday,October,10
2024-10-13,card,ANON-0000-0000-0650,25.96,Cortado,13:34:25,13,Sunday,October,10
2024-10-13,card,ANON-0000-0000-0507,35.76,Latte,17:53:20,17,Sunday,October,10
2024-10-13,card,ANON-0000-0000-0507,35.76,Latte,17:54:22,17,Sunday,October,10
2024-10-13,card,ANON-0000-0000-0753,35.76,Cappuccino,18:22:58,18,Sunday,October,10
2024-10-13,card,ANON-0000-0000-0257,35.76,Cappuccino,20:43:04,20,Sunday,October,10
2024-10-14,card,ANON-0000-0000-0276,30.86,Americano with Milk,08:26:54,8,Monday,October,10
2024-10-14,card,ANON-0000-0000-0754,35.76,Cocoa,09:49:54,9,Monday,October,10
2024-10-14,card,ANON-0000-0000-0141,25.96,Cortado,10:27:51,10,Monday,October,10
2024-10-14,card,ANON-0000-0000-0440,35.76,Latte,10:38:06,10,Monday,October,10
2024-10-14,card,ANON-0000-0000-0440,35.76,Latte,10:39:13,10,Monday,October,10
2024-10-14,card,ANON-0000-0000-0755,35.76,Cappuccino,11:23:50,11,Monday,October,10
2024-10-14,card,ANON-0000-0000-0225,25.96,Americano,11:25:37,11,Monday,October,10
2024-10-14,card,ANON-0000-0000-0225,25.96,Americano,11:26:45,11,Monday,October,10
2024-10-14,card,ANON-0000-0000-0756,35.76,Latte,14:36:07,14,Monday,October,10
2024-10-14,card,ANON-0000-0000-0507,35.76,Latte,14:49:51,14,Monday,October,10
2024-10-14,card,ANON-0000-0000-0757,25.96,Americano,16:37:47,16,Monday,October,10
2024-10-14,card,ANON-0000-0000-0758,35.76,Latte,18:19:19,18,Monday,October,10
2024-10-14,card,ANON-0000-0000-0758,35.76,Cappuccino,18:20:20,18,Monday,October,10
2024-10-14,card,ANON-0000-0000-0759,35.76,Latte,22:08:53,22,Monday,October,10
2024-10-14,card,ANON-0000-0000-0760,35.76,Latte,22:10:23,22,Monday,October,10
2024-10-14,card,ANON-0000-0000-0510,35.76,Latte,22:21:53,22,Monday,October,10
2024-10-15,card,ANON-0000-0000-0141,25.96,Cortado,08:14:28,8,Tuesday,October,10
2024-10-15,card,ANON-0000-0000-0761,21.06,Espresso,08:34:17,8,Tuesday,October,10
2024-10-15,card,ANON-0000-0000-0762,35.76,Hot Chocolate,11:13:21,11,Tuesday,October,10
2024-10-15,card,ANON-0000-0000-0736,35.76,Latte,11:15:20,11,Tuesday,October,10
2024-10-15,card,ANON-0000-0000-0736,35.76,Hot Chocolate,11:16:27,11,Tuesday,October,10
2024-10-15,card,ANON-0000-0000-0763,35.76,Latte,13:00:43,13,Tuesday,October,10
2024-10-15,card,ANON-0000-0000-0764,30.86,Americano with Milk,13:15:44,13,Tuesday,October,10
2024-10-15,card,ANON-0000-0000-0683,35.76,Latte,15:32:11,15,Tuesday,October,10
2024-10-15,card,ANON-0000-0000-0765,25.96,Americano,15:54:16,15,Tuesday,October,10
2024-10-15,card,ANON-0000-0000-0765,21.06,Espresso,15:55:19,15,Tuesday,October,10
2024-10-15,card,ANON-0000-0000-0766,35.76,Hot Chocolate,17:04:11,17,Tuesday,October,10
2024-10-15,card,ANON-0000-0000-0767,25.96,Americano,19:22:21,19,Tuesday,October,10
2024-10-15,card,ANON-0000-0000-0767,35.76,Cocoa,19:23:17,19,Tuesday,October,10
2024-10-15,card,ANON-0000-0000-0507,35.76,Latte,20:11:14,20,Tuesday,October,10
2024-10-15,card,ANON-0000-0000-0507,35.76,Latte,20:12:28,20,Tuesday,October,10
2024-10-15,card,ANON-0000-0000-0040,35.76,Hot Chocolate,21:18:08,21,Tuesday,October,10
2024-10-15,card,ANON-0000-0000-0040,35.76,Hot Chocolate,21:35:19,21,Tuesday,October,10
2024-10-15,card,ANON-0000-0000-0690,35.76,Latte,22:15:19,22,Tuesday,October,10
2024-10-16,card,ANON-0000-0000-0276,30.86,Americano with Milk,08:21:26,8,Wednesday,October,10
2024-10-16,card,ANON-0000-0000-0696,35.76,Hot Chocolate,08:36:23,8,Wednesday,October,10
2024-10-16,card,ANON-0000-0000-0570,35.76,Latte,09:25:51,9,Wednesday,October,10
2024-10-16,card,ANON-0000-0000-0571,30.86,Americano with Milk,10:15:47,10,Wednesday,October,10
2024-10-16,card,ANON-0000-0000-0571,30.86,Americano with Milk,10:16:53,10,Wednesday,October,10
2024-10-16,card,ANON-0000-0000-0333,30.86,Americano with Milk,10:45:24,10,Wednesday,October,10
2024-10-16,card,ANON-0000-0000-0768,25.96,Americano,11:49:44,11,Wednesday,October,10
2024-10-16,card,ANON-0000-0000-0769,30.86,Americano with Milk,12:29:44,12,Wednesday,October,10
2024-10-16,card,ANON-0000-0000-0764,25.96,Americano,13:20:10,13,Wednesday,October,10
2024-10-16,card,ANON-0000-0000-0770,35.76,Latte,16:45:29,16,Wednesday,October,10
2024-10-16,card,ANON-0000-0000-0510,30.86,Americano with Milk,17:43:20,17,Wednesday,October,10
2024-10-16,card,ANON-0000-0000-0771,30.86,Americano with Milk,19:37:42,19,Wednesday,October,10
2024-10-16,card,ANON-0000-0000-0771,30.86,Americano with Milk,19:38:36,19,Wednesday,October,10
2024-10-16,card,ANON-0000-0000-0772,35.76,Hot Chocolate,21:20:28,21,Wednesday,October,10
2024-10-17,card,ANON-0000-0000-0696,35.76,Latte,07:47:00,7,Thursday,October,10
2024-10-17,card,ANON-0000-0000-0570,35.76,Latte,07:58:06,7,Thursday,October,10
2024-10-17,card,ANON-0000-0000-0773,30.86,Americano with Milk,09:24:27,9,Thursday,October,10
2024-10-17,card,ANON-0000-0000-0510,35.76,Latte,10:26:37,10,Thursday,October,10
2024-10-17,card,ANON-0000-0000-0313,35.76,Hot Chocolate,10:44:54,10,Thursday,October,10
2024-10-17,card,ANON-0000-0000-0774,30.86,Americano with Milk,11:59:26,11,Thursday,October,10
2024-10-17,card,ANON-0000-0000-0775,35.76,Latte,13:57:24,13,Thursday,October,10
2024-10-17,card,ANON-0000-0000-0776,25.96,Americano,14:34:42,14,Thursday,October,10
2024-10-17,card,ANON-0000-0000-0702,35.76,Hot Chocolate,16:37:12,16,Thursday,October,10
2024-10-17,card,ANON-0000-0000-0702,35.76,Hot Chocolate,16:38:17,16,Thursday,October,10
2024-10-17,card,ANON-0000-0000-0702,35.76,Latte,16:39:09,16,Thursday,October,10
2024-10-17,card,ANON-0000-0000-0777,35.76,Hot Chocolate,16:48:35,16,Thursday,October,10
2024-10-17,card,ANON-0000-0000-0777,35.76,Hot Chocolate,16:49:33,16,Thursday,October,10
2024-10-17,card,ANON-0000-0000-0258,35.76,Cappuccino,17:08:27,17,Thursday,October,10
2024-10-17,card,ANON-0000-0000-0258,35.76,Hot Chocolate,17:09:30,17,Thursday,October,10
2024-10-17,card,ANON-0000-0000-0507,35.76,Latte,19:43:12,19,Thursday,October,10
2024-10-17,card,ANON-0000-0000-0778,30.86,Americano with Milk,20:11:36,20,Thursday,October,10
2024-10-17,card,ANON-0000-0000-0779,35.76,Latte,21:46:12,21,Thursday,October,10
2024-10-17,card,ANON-0000-0000-0779,35.76,Latte,21:47:20,21,Thursday,October,10
2024-10-17,card,ANON-0000-0000-0779,35.76,Latte,21:48:31,21,Thursday,October,10
2024-10-17,card,ANON-0000-0000-0779,35.76,Hot Chocolate,21:49:54,21,Thursday,October,10
2024-10-18,card,ANON-0000-0000-0012,35.76,Cocoa,08:41:59,8,Friday,October,10
2024-10-18,card,ANON-0000-0000-0054,35.76,Cocoa,08:42:59,8,Friday,October,10
2024-10-18,card,ANON-0000-0000-0003,35.76,Cocoa,09:32:41,9,Friday,October,10
2024-10-18,card,ANON-0000-0000-0003,35.76,Cocoa,09:34:08,9,Friday,October,10
2024-10-18,card,ANON-0000-0000-0780,35.76,Cappuccino,09:55:20,9,Friday,October,10
2024-10-18,card,ANON-0000-0000-0780,35.76,Cappuccino,11:54:58,11,Friday,October,10
2024-10-18,card,ANON-0000-0000-0781,35.76,Latte,14:51:04,14,Friday,October,10
2024-10-18,card,ANON-0000-0000-0781,35.76,Cappuccino,14:52:15,14,Friday,October,10
2024-10-18,card,ANON-0000-0000-0683,25.96,Americano,15:39:19,15,Friday,October,10
2024-10-18,card,ANON-0000-0000-0782,35.76,Latte,16:09:57,16,Friday,October,10
2024-10-18,card,ANON-0000-0000-0783,35.76,Hot Chocolate,17:45:38,17,Friday,October,10
2024-10-18,card,ANON-0000-0000-0012,35.76,Cocoa,21:14:40,21,Friday,October,10
2024-10-18,card,ANON-0000-0000-0012,35.76,Cocoa,21:15:22,21,Friday,October,10
2024-10-18,card,ANON-0000-0000-0784,30.86,Americano with Milk,21:52:23,21,Friday,October,10
2024-10-18,card,ANON-0000-0000-0690,35.76,Latte,22:03:26,22,Friday,October,10
2024-10-19,card,ANON-0000-0000-0785,30.86,Americano with Milk,08:34:13,8,Saturday,October,10
2024-10-19,card,ANON-0000-0000-0019,35.76,Latte,13:22:06,13,Saturday,October,10
2024-10-19,card,ANON-0000-0000-0355,35.76,Cappuccino,14:10:32,14,Saturday,October,10
2024-10-19,card,ANON-0000-0000-0507,35.76,Hot Chocolate,15:56:55,15,Saturday,October,10
2024-10-19,card,ANON-0000-0000-0507,35.76,Latte,15:59:24,15,Saturday,October,10
2024-10-19,card,ANON-0000-0000-0494,35.76,Latte,16:02:45,16,Saturday,October,10
2024-10-19,card,ANON-0000-0000-0696,35.76,Latte,16:17:42,16,Saturday,October,10
2024-10-19,card,ANON-0000-0000-0690,35.76,Cocoa,21:46:45,21,Saturday,October,10
2024-10-19,card,ANON-0000-0000-0786,35.76,Cappuccino,22:46:37,22,Saturday,October,10
2024-10-20,card,ANON-0000-0000-0570,35.76,Latte,08:40:43,8,Sunday,October,10
2024-10-20,card,ANON-0000-0000-0570,35.76,Cocoa,08:41:50,8,Sunday,October,10
2024-10-20,card,ANON-0000-0000-0787,35.76,Latte,11:16:51,11,Sunday,October,10
2024-10-20,card,ANON-0000-0000-0650,35.76,Hot Chocolate,14:28:46,14,Sunday,October,10
2024-10-20,card,ANON-0000-0000-0650,25.96,Cortado,14:29:43,14,Sunday,October,10
2024-10-20,card,ANON-0000-0000-0455,30.86,Americano with Milk,15:52:45,15,Sunday,October,10
2024-10-20,card,ANON-0000-0000-0788,35.76,Latte,16:45:09,16,Sunday,October,10
2024-10-20,card,ANON-0000-0000-0788,35.76,Latte,16:46:04,16,Sunday,October,10
2024-10-20,card,ANON-0000-0000-0507,35.76,Latte,17:27:05,17,Sunday,October,10
2024-10-20,card,ANON-0000-0000-0012,35.76,Cocoa,18:34:16,18,Sunday,October,10
2024-10-20,card,ANON-0000-0000-0012,35.76,Cocoa,18:35:08,18,Sunday,October,10
2024-10-20,card,ANON-0000-0000-0789,35.76,Hot Chocolate,21:14:18,21,Sunday,October,10
2024-10-20,card,ANON-0000-0000-0790,25.96,Cortado,21:15:17,21,Sunday,October,10
2024-10-20,card,ANON-0000-0000-0791,35.76,Cocoa,21:17:26,21,Sunday,October,10
2024-10-20,card,ANON-0000-0000-0792,35.76,Latte,21:25:00,21,Sunday,October,10
2024-10-20,card,ANON-0000-0000-0550,35.76,Cappuccino,22:17:29,22,Sunday,October,10
2024-10-21,card,ANON-0000-0000-0696,35.76,Latte,07:48:43,7,Monday,October,10
2024-10-21,card,ANON-0000-0000-0097,35.76,Latte,08:19:56,8,Monday,October,10
2024-10-21,card,ANON-0000-0000-0385,30.86,Americano with Milk,09:04:54,9,Monday,October,10
2024-10-21,card,ANON-0000-0000-0793,35.76,Latte,09:34:25,9,Monday,October,10
2024-10-21,card,ANON-0000-0000-0700,25.96,Americano,10:25:09,10,Monday,October,10
2024-10-21,card,ANON-0000-0000-0141,25.96,Cortado,10:41:44,10,Monday,October,10
2024-10-21,card,ANON-0000-0000-0141,25.96,Cortado,10:42:35,10,Monday,October,10
2024-10-21,card,ANON-0000-0000-0274,21.06,Espresso,11:27:41,11,Monday,October,10
2024-10-21,card,ANON-0000-0000-0751,35.76,Cappuccino,12:40:24,12,Monday,October,10
2024-10-21,card,ANON-0000-0000-0794,35.76,Latte,14:42:56,14,Monday,October,10
2024-10-21,card,ANON-0000-0000-0726,35.76,Latte,14:43:58,14,Monday,October,10
2024-10-21,card,ANON-0000-0000-0795,30.86,Americano with Milk,15:27:02,15,Monday,October,10
2024-10-21,card,ANON-0000-0000-0796,25.96,Cortado,15:39:04,15,Monday,October,10
2024-10-21,card,ANON-0000-0000-0225,35.76,Cocoa,16:42:57,16,Monday,October,10
2024-10-21,card,ANON-0000-0000-0797,35.76,Latte,16:55:22,16,Monday,October,10
2024-10-21,card,ANON-0000-0000-0798,35.76,Hot Chocolate,19:21:13,19,Monday,October,10
2024-10-21,card,ANON-0000-0000-0799,35.76,Latte,21:05:36,21,Monday,October,10
2024-10-21,card,ANON-0000-0000-0789,35.76,Cocoa,22:30:44,22,Monday,October,10
2024-10-21,card,ANON-0000-0000-0791,35.76,Hot Chocolate,22:31:33,22,Monday,October,10
2024-10-22,card,ANON-0000-0000-0696,35.76,Latte,07:32:59,7,Tuesday,October,10
2024-10-22,card,ANON-0000-0000-0696,35.76,Cappuccino,07:34:00,7,Tuesday,October,10
2024-10-22,card,ANON-0000-0000-0276,30.86,Americano with Milk,08:25:32,8,Tuesday,October,10
2024-10-22,card,ANON-0000-0000-0800,25.96,Cortado,09:17:50,9,Tuesday,October,10
2024-10-22,card,ANON-0000-0000-0402,21.06,Espresso,10:51:32,10,Tuesday,October,10
2024-10-22,card,ANON-0000-0000-0402,25.96,Cortado,10:52:17,10,Tuesday,October,10
2024-10-22,card,ANON-0000-0000-0801,25.96,Americano,18:07:02,18,Tuesday,October,10
2024-10-22,card,ANON-0000-0000-0507,35.76,Hot Chocolate,19:46:39,19,Tuesday,October,10
2024-10-22,card,ANON-0000-0000-0507,35.76,Latte,19:47:50,19,Tuesday,October,10
2024-10-23,card,ANON-0000-0000-0696,35.76,Latte,07:58:06,7,Wednesday,October,10
2024-10-23,card,ANON-0000-0000-0276,30.86,Americano with Milk,08:45:14,8,Wednesday,October,10
2024-10-23,card,ANON-0000-0000-0141,25.96,Cortado,10:24:57,10,Wednesday,October,10
2024-10-23,card,ANON-0000-0000-0802,30.86,Americano with Milk,12:31:05,12,Wednesday,October,10
2024-10-23,card,ANON-0000-0000-0803,30.86,Americano with Milk,16:20:02,16,Wednesday,October,10
2024-10-23,card,ANON-0000-0000-0803,30.86,Americano with Milk,16:21:09,16,Wednesday,October,10
2024-10-23,card,ANON-0000-0000-0804,35.76,Cappuccino,16:42:30,16,Wednesday,October,10
2024-10-23,card,ANON-0000-0000-0805,21.06,Espresso,17:02:46,17,Wednesday,October,10
2024-10-23,card,ANON-0000-0000-0040,35.76,Cocoa,18:58:58,18,Wednesday,October,10
2024-10-23,card,ANON-0000-0000-0040,35.76,Cappuccino,19:00:43,19,Wednesday,October,10
2024-10-23,card,ANON-0000-0000-0518,30.86,Americano with Milk,21:57:20,21,Wednesday,October,10
2024-10-23,card,ANON-0000-0000-0806,35.76,Hot Chocolate,21:58:23,21,Wednesday,October,10
2024-10-23,card,ANON-0000-0000-0807,35.76,Latte,22:23:38,22,Wednesday,October,10
2024-10-24,card,ANON-0000-0000-0808,25.96,Americano,12:07:46,12,Thursday,October,10
2024-10-24,card,ANON-0000-0000-0809,35.76,Cappuccino,13:23:59,13,Thursday,October,10
2024-10-24,card,ANON-0000-0000-0804,35.76,Cappuccino,14:09:46,14,Thursday,October,10
2024-10-24,card,ANON-0000-0000-0810,35.76,Hot Chocolate,14:49:01,14,Thursday,October,10
2024-10-24,card,ANON-0000-0000-0810,35.76,Latte,14:49:49,14,Thursday,October,10
2024-10-24,card,ANON-0000-0000-0788,35.76,Latte,15:47:32,15,Thursday,October,10
2024-10-24,card,ANON-0000-0000-0788,35.76,Latte,15:48:29,15,Thursday,October,10
2024-10-24,card,ANON-0000-0000-0811,25.96,Americano,18:53:47,18,Thursday,October,10
2024-10-24,card,ANON-0000-0000-0811,25.96,Americano,18:55:07,18,Thursday,October,10
2024-10-24,card,ANON-0000-0000-0507,35.76,Latte,19:50:18,19,Thursday,October,10
2024-10-24,card,ANON-0000-0000-0812,25.96,Americano,20:44:11,20,Thursday,October,10
2024-10-24,card,ANON-0000-0000-0813,35.76,Hot Chocolate,21:14:44,21,Thursday,October,10
2024-10-24,card,ANON-0000-0000-0813,35.76,Hot Chocolate,21:15:29,21,Thursday,October,10
2024-10-24,card,ANON-0000-0000-0637,35.76,Hot Chocolate,21:56:20,21,Thursday,October,10
2024-10-24,card,ANON-0000-0000-0637,35.76,Cappuccino,21:57:10,21,Thursday,October,10
2024-10-25,card,ANON-0000-0000-0696,35.76,Cappuccino,07:38:11,7,Friday,October,10
2024-10-25,card,ANON-0000-0000-0402,21.06,Espresso,07:45:22,7,Friday,October,10
2024-10-25,card,ANON-0000-0000-0570,35.76,Cocoa,08:10:04,8,Friday,October,10
2024-10-25,card,ANON-0000-0000-0570,35.76,Latte,08:10:54,8,Friday,October,10
2024-10-25,card,ANON-0000-0000-0084,35.76,Cocoa,08:18:49,8,Friday,October,10
2024-10-25,card,ANON-0000-0000-0683,25.96,Americano,10:03:28,10,Friday,October,10
2024-10-25,card,ANON-0000-0000-0683,25.96,Americano,10:05:21,10,Friday,October,10
2024-10-25,card,ANON-0000-0000-0276,30.86,Americano with Milk,10:51:01,10,Friday,October,10
2024-10-25,card,ANON-0000-0000-0012,35.76,Cocoa,11:49:42,11,Friday,October,10
2024-10-25,card,ANON-0000-0000-0012,35.76,Cocoa,11:50:30,11,Friday,October,10
2024-10-25,card,ANON-0000-0000-0141,25.96,Cortado,12:06:50,12,Friday,October,10
2024-10-25,card,ANON-0000-0000-0814,35.76,Latte,12:40:37,12,Friday,October,10
2024-10-25,card,ANON-0000-0000-0137,35.76,Cappuccino,14:23:16,14,Friday,October,10
2024-10-25,card,ANON-0000-0000-0815,35.76,Hot Chocolate,22:19:23,22,Friday,October,10
2024-10-25,card,ANON-0000-0000-0815,21.06,Espresso,22:22:31,22,Friday,October,10
2024-10-26,card,ANON-0000-0000-0682,35.76,Cappuccino,07:49:59,7,Saturday,October,10
2024-10-26,card,ANON-0000-0000-0141,25.96,Cortado,08:41:44,8,Saturday,October,10
2024-10-26,card,ANON-0000-0000-0334,35.76,Cappuccino,08:52:59,8,Saturday,October,10
2024-10-26,card,ANON-0000-0000-0816,25.96,Americano,10:24:38,10,Saturday,October,10
2024-10-26,card,ANON-0000-0000-0040,35.76,Cocoa,12:18:09,12,Saturday,October,10
2024-10-26,card,ANON-0000-0000-0817,35.76,Latte,13:03:31,13,Saturday,October,10
2024-10-26,card,ANON-0000-0000-0276,35.76,Latte,14:34:58,14,Saturday,October,10
2024-10-26,card,ANON-0000-0000-0276,30.86,Americano with Milk,14:36:14,14,Saturday,October,10
2024-10-26,card,ANON-0000-0000-0141,25.96,Cortado,15:05:22,15,Saturday,October,10
2024-10-26,card,ANON-0000-0000-0141,25.96,Cortado,15:06:19,15,Saturday,October,10
2024-10-26,card,ANON-0000-0000-0818,35.76,Latte,15:38:28,15,Saturday,October,10
2024-10-26,card,ANON-0000-0000-0818,35.76,Latte,15:39:29,15,Saturday,October,10
2024-10-26,card,ANON-0000-0000-0819,30.86,Americano with Milk,15:52:01,15,Saturday,October,10
2024-10-26,card,ANON-0000-0000-0820,30.86,Americano with Milk,15:53:21,15,Saturday,October,10
2024-10-26,card,ANON-0000-0000-0715,35.76,Cappuccino,19:19:21,19,Saturday,October,10
2024-10-26,card,ANON-0000-0000-0821,30.86,Americano with Milk,20:34:46,20,Saturday,October,10
2024-10-27,card,ANON-0000-0000-0347,30.86,Americano with Milk,11:01:56,11,Sunday,October,10
2024-10-27,card,ANON-0000-0000-0276,35.76,Latte,12:53:25,12,Sunday,October,10
2024-10-27,card,ANON-0000-0000-0276,30.86,Americano with Milk,12:54:27,12,Sunday,October,10
2024-10-27,card,ANON-0000-0000-0822,35.76,Cappuccino,13:43:46,13,Sunday,October,10
2024-10-27,card,ANON-0000-0000-0507,35.76,Latte,16:17:06,16,Sunday,October,10
2024-10-28,card,ANON-0000-0000-0696,35.76,Cappuccino,07:46:28,7,Monday,October,10
2024-10-28,card,ANON-0000-0000-0823,25.96,Americano,08:01:12,8,Monday,October,10
2024-10-28,card,ANON-0000-0000-0683,35.76,Latte,08:35:02,8,Monday,October,10
2024-10-28,card,ANON-0000-0000-0242,30.86,Americano with Milk,09:15:42,9,Monday,October,10
2024-10-28,card,ANON-0000-0000-0824,35.76,Latte,11:42:36,11,Monday,October,10
2024-10-28,card,ANON-0000-0000-0824,35.76,Latte,11:43:43,11,Monday,October,10
2024-10-28,card,ANON-0000-0000-0707,35.76,Hot Chocolate,12:01:36,12,Monday,October,10
2024-10-28,card,ANON-0000-0000-0825,30.86,Americano with Milk,12:02:34,12,Monday,October,10
2024-10-28,card,ANON-0000-0000-0826,35.76,Cappuccino,12:21:30,12,Monday,October,10
2024-10-28,card,ANON-0000-0000-0819,30.86,Americano with Milk,14:10:54,14,Monday,October,10
2024-10-28,card,ANON-0000-0000-0819,30.86,Americano with Milk,14:11:56,14,Monday,October,10
2024-10-28,card,ANON-0000-0000-0827,30.86,Americano with Milk,14:30:59,14,Monday,October,10
2024-10-28,card,ANON-0000-0000-0159,35.76,Latte,16:01:20,16,Monday,October,10
2024-10-28,card,ANON-0000-0000-0828,35.76,Cocoa,17:55:18,17,Monday,October,10
2024-10-28,card,ANON-0000-0000-0828,35.76,Cocoa,17:56:02,17,Monday,October,10
2024-10-28,card,ANON-0000-0000-0257,35.76,Cappuccino,19:10:25,19,Monday,October,10
2024-10-28,card,ANON-0000-0000-0329,30.86,Americano with Milk,21:20:03,21,Monday,October,10
2024-10-28,card,ANON-0000-0000-0695,30.86,Americano with Milk,22:05:50,22,Monday,October,10
2024-10-29,card,ANON-0000-0000-0804,35.76,Latte,08:40:52,8,Tuesday,October,10
2024-10-29,card,ANON-0000-0000-0683,35.76,Latte,08:47:05,8,Tuesday,October,10
2024-10-29,card,ANON-0000-0000-0570,35.76,Latte,09:31:57,9,Tuesday,October,10
2024-10-29,card,ANON-0000-0000-0829,30.86,Americano with Milk,11:59:46,11,Tuesday,October,10
2024-10-29,card,ANON-0000-0000-0830,21.06,Espresso,12:21:36,12,Tuesday,October,10
2024-10-29,card,ANON-0000-0000-0831,25.96,Cortado,14:15:43,14,Tuesday,October,10
2024-10-29,card,ANON-0000-0000-0831,25.96,Cortado,14:17:00,14,Tuesday,October,10
2024-10-29,card,ANON-0000-0000-0832,35.76,Cappuccino,14:37:35,14,Tuesday,October,10
2024-10-29,card,ANON-0000-0000-0833,35.76,Hot Chocolate,16:09:33,16,Tuesday,October,10
2024-10-29,card,ANON-0000-0000-0834,35.76,Cocoa,16:10:56,16,Tuesday,October,10
2024-10-29,card,ANON-0000-0000-0225,35.76,Cocoa,16:17:33,16,Tuesday,October,10
2024-10-29,card,ANON-0000-0000-0835,30.86,Americano with Milk,18:02:04,18,Tuesday,October,10
2024-10-29,card,ANON-0000-0000-0835,30.86,Americano with Milk,18:02:57,18,Tuesday,October,10
2024-10-29,card,ANON-0000-0000-0836,30.86,Americano with Milk,19:02:05,19,Tuesday,October,10
2024-10-29,card,ANON-0000-0000-0206,35.76,Cappuccino,19:05:44,19,Tuesday,October,10
2024-10-29,card,ANON-0000-0000-0507,35.76,Hot Chocolate,19:51:12,19,Tuesday,October,10
2024-10-29,card,ANON-0000-0000-0507,35.76,Latte,19:54:02,19,Tuesday,October,10
2024-10-29,card,ANON-0000-0000-0799,35.76,Latte,20:07:35,20,Tuesday,October,10
2024-10-30,card,ANON-0000-0000-0703,35.76,Latte,07:52:05,7,Wednesday,October,10
2024-10-30,card,ANON-0000-0000-0571,30.86,Americano with Milk,08:46:26,8,Wednesday,October,10
2024-10-30,card,ANON-0000-0000-0571,30.86,Americano with Milk,08:47:29,8,Wednesday,October,10
2024-10-30,card,ANON-0000-0000-0837,35.76,Latte,09:11:29,9,Wednesday,October,10
2024-10-30,card,ANON-0000-0000-0838,35.76,Latte,10:31:53,10,Wednesday,October,10
2024-10-30,card,ANON-0000-0000-0838,35.76,Latte,10:33:07,10,Wednesday,October,10
2024-10-30,card,ANON-0000-0000-0375,35.76,Latte,12:08:45,12,Wednesday,October,10
2024-10-30,card,ANON-0000-0000-0375,25.96,Americano,12:09:46,12,Wednesday,October,10
2024-10-30,card,ANON-0000-0000-0734,30.86,Americano with Milk,12:10:58,12,Wednesday,October,10
2024-10-30,card,ANON-0000-0000-0839,25.96,Americano,12:37:00,12,Wednesday,October,10
2024-10-30,card,ANON-0000-0000-0507,35.76,Latte,15:05:15,15,Wednesday,October,10
2024-10-30,card,ANON-0000-0000-0507,35.76,Latte,15:07:03,15,Wednesday,October,10
2024-10-30,card,ANON-0000-0000-0840,30.86,Americano with Milk,16:04:48,16,Wednesday,October,10
2024-10-30,card,ANON-0000-0000-0841,35.76,Hot Chocolate,18:08:12,18,Wednesday,October,10
2024-10-30,card,ANON-0000-0000-0819,30.86,Americano with Milk,19:18:31,19,Wednesday,October,10
2024-10-30,card,ANON-0000-0000-0842,30.86,Americano with Milk,19:43:21,19,Wednesday,October,10
2024-10-31,card,ANON-0000-0000-0703,35.76,Latte,07:54:17,7,Thursday,October,10
2024-10-31,card,ANON-0000-0000-0683,35.76,Latte,08:38:53,8,Thursday,October,10
2024-10-31,card,ANON-0000-0000-0276,30.86,Americano with Milk,09:18:19,9,Thursday,October,10
2024-10-31,card,ANON-0000-0000-0843,35.76,Latte,15:59:26,15,Thursday,October,10
2024-10-31,card,ANON-0000-0000-0844,30.86,Americano with Milk,16:00:30,16,Thursday,October,10
2024-11-01,card,ANON-0000-0000-0842,35.76,Cocoa,08:24:03,8,Friday,November,11
2024-11-01,card,ANON-0000-0000-0304,25.96,Americano,08:30:57,8,Friday,November,11
2024-11-01,card,ANON-0000-0000-0612,35.76,Latte,10:54:50,10,Friday,November,11
2024-11-01,card,ANON-0000-0000-0012,35.76,Cocoa,12:41:26,12,Friday,November,11
2024-11-01,card,ANON-0000-0000-0012,35.76,Cocoa,12:42:18,12,Friday,November,11
2024-11-01,card,ANON-0000-0000-0845,25.96,Cortado,15:55:42,15,Friday,November,11
2024-11-01,card,ANON-0000-0000-0695,30.86,Americano with Milk,22:41:55,22,Friday,November,11
2024-11-02,card,ANON-0000-0000-0141,25.96,Cortado,08:19:44,8,Saturday,November,11
2024-11-02,card,ANON-0000-0000-0828,35.76,Cocoa,10:25:45,10,Saturday,November,11
2024-11-02,card,ANON-0000-0000-0097,30.86,Americano with Milk,10:33:09,10,Saturday,November,11
2024-11-02,card,ANON-0000-0000-0846,30.86,Americano with Milk,14:54:14,14,Saturday,November,11
2024-11-02,card,ANON-0000-0000-0507,35.76,Hot Chocolate,16:24:15,16,Saturday,November,11
2024-11-02,card,ANON-0000-0000-0507,35.76,Latte,16:25:57,16,Saturday,November,11
2024-11-02,card,ANON-0000-0000-0847,35.76,Latte,16:37:05,16,Saturday,November,11
2024-11-02,card,ANON-0000-0000-0620,30.86,Americano with Milk,18:18:27,18,Saturday,November,11
2024-11-02,card,ANON-0000-0000-0848,25.96,Americano,18:58:23,18,Saturday,November,11
2024-11-03,card,ANON-0000-0000-0141,25.96,Cortado,08:23:00,8,Sunday,November,11
2024-11-03,card,ANON-0000-0000-0040,30.86,Americano with Milk,09:47:06,9,Sunday,November,11
2024-11-03,card,ANON-0000-0000-0040,30.86,Americano with Milk,09:48:12,9,Sunday,November,11
2024-11-03,card,ANON-0000-0000-0849,35.76,Latte,13:13:51,13,Sunday,November,11
2024-11-03,card,ANON-0000-0000-0849,30.86,Americano with Milk,13:14:56,13,Sunday,November,11
2024-11-03,card,ANON-0000-0000-0228,35.76,Cocoa,13:18:24,13,Sunday,November,11
2024-11-03,card,ANON-0000-0000-0850,25.96,Americano,13:44:18,13,Sunday,November,11
2024-11-03,card,ANON-0000-0000-0851,30.86,Americano with Milk,13:59:01,13,Sunday,November,11
2024-11-03,card,ANON-0000-0000-0622,35.76,Hot Chocolate,16:15:17,16,Sunday,November,11
2024-11-03,card,ANON-0000-0000-0622,35.76,Hot Chocolate,16:16:43,16,Sunday,November,11
2024-11-03,card,ANON-0000-0000-0852,25.96,Americano,16:20:37,16,Sunday,November,11
2024-11-03,card,ANON-0000-0000-0852,25.96,Americano,16:21:46,16,Sunday,November,11
2024-11-03,card,ANON-0000-0000-0225,35.76,Cocoa,20:26:14,20,Sunday,November,11
2024-11-04,card,ANON-0000-0000-0696,35.76,Latte,07:43:36,7,Monday,November,11
2024-11-04,card,ANON-0000-0000-0276,35.76,Latte,08:37:33,8,Monday,November,11
2024-11-04,card,ANON-0000-0000-0276,30.86,Americano with Milk,08:38:58,8,Monday,November,11
2024-11-04,card,ANON-0000-0000-0853,25.96,Americano,12:33:35,12,Monday,November,11
2024-11-04,card,ANON-0000-0000-0854,30.86,Americano with Milk,12:35:06,12,Monday,November,11
2024-11-04,card,ANON-0000-0000-0012,35.76,Cocoa,14:44:38,14,Monday,November,11
2024-11-04,card,ANON-0000-0000-0012,35.76,Cocoa,14:45:20,14,Monday,November,11
2024-11-05,card,ANON-0000-0000-0696,35.76,Cocoa,07:49:31,7,Tuesday,November,11
2024-11-05,card,ANON-0000-0000-0276,30.86,Americano with Milk,09:05:41,9,Tuesday,November,11
2024-11-05,card,ANON-0000-0000-0731,35.76,Cappuccino,09:12:12,9,Tuesday,November,11
2024-11-05,card,ANON-0000-0000-0731,30.86,Americano with Milk,09:13:40,9,Tuesday,November,11
2024-11-05,card,ANON-0000-0000-0012,30.86,Americano with Milk,10:41:44,10,Tuesday,November,11
2024-11-05,card,ANON-0000-0000-0855,35.76,Cocoa,11:47:29,11,Tuesday,November,11
2024-11-05,card,ANON-0000-0000-0856,35.76,Latte,11:48:22,11,Tuesday,November,11
2024-11-05,card,ANON-0000-0000-0857,35.76,Latte,14:36:37,14,Tuesday,November,11
2024-11-05,card,ANON-0000-0000-0858,35.76,Latte,14:41:48,14,Tuesday,November,11
2024-11-05,card,ANON-0000-0000-0455,35.76,Cappuccino,18:52:56,18,Tuesday,November,11
2024-11-05,card,ANON-0000-0000-0455,35.76,Cappuccino,18:54:10,18,Tuesday,November,11
2024-11-05,card,ANON-0000-0000-0455,35.76,Cappuccino,18:55:18,18,Tuesday,November,11
2024-11-05,card,ANON-0000-0000-0859,35.76,Cocoa,21:40:44,21,Tuesday,November,11
2024-11-05,card,ANON-0000-0000-0859,35.76,Cocoa,21:42:02,21,Tuesday,November,11
2024-11-05,card,ANON-0000-0000-0722,35.76,Hot Chocolate,21:54:19,21,Tuesday,November,11
2024-11-05,card,ANON-0000-0000-0637,35.76,Hot Chocolate,22:05:50,22,Tuesday,November,11
2024-11-05,card,ANON-0000-0000-0637,30.86,Americano with Milk,22:06:38,22,Tuesday,November,11
2024-11-06,card,ANON-0000-0000-0570,35.76,Latte,08:11:25,8,Wednesday,November,11
2024-11-06,card,ANON-0000-0000-0860,21.06,Espresso,11:45:31,11,Wednesday,November,11
2024-11-06,card,ANON-0000-0000-0742,25.96,Americano,13:15:32,13,Wednesday,November,11
2024-11-06,card,ANON-0000-0000-0622,35.76,Cappuccino,15:44:16,15,Wednesday,November,11
2024-11-06,card,ANON-0000-0000-0861,35.76,Latte,16:00:43,16,Wednesday,November,11
2024-11-06,card,ANON-0000-0000-0862,35.76,Cappuccino,16:02:05,16,Wednesday,November,11
2024-11-06,card,ANON-0000-0000-0863,35.76,Hot Chocolate,18:40:42,18,Wednesday,November,11
2024-11-06,card,ANON-0000-0000-0863,35.76,Hot Chocolate,18:41:30,18,Wednesday,November,11
2024-11-07,card,ANON-0000-0000-0864,35.76,Latte,12:17:15,12,Thursday,November,11
2024-11-07,card,ANON-0000-0000-0865,25.96,Americano,15:50:10,15,Thursday,November,11
2024-11-07,card,ANON-0000-0000-0866,25.96,Americano,16:39:39,16,Thursday,November,11
2024-11-07,card,ANON-0000-0000-0828,35.76,Cocoa,18:17:33,18,Thursday,November,11
2024-11-07,card,ANON-0000-0000-0867,35.76,Hot Chocolate,19:20:14,19,Thursday,November,11
2024-11-07,card,ANON-0000-0000-0867,35.76,Latte,19:21:38,19,Thursday,November,11
2024-11-07,card,ANON-0000-0000-0507,35.76,Latte,20:02:30,20,Thursday,November,11
2024-11-08,card,ANON-0000-0000-0276,30.86,Americano with Milk,09:05:42,9,Friday,November,11
2024-11-08,card,ANON-0000-0000-0375,25.96,Americano,09:47:30,9,Friday,November,11
2024-11-08,card,ANON-0000-0000-0375,25.96,Americano,09:48:59,9,Friday,November,11
2024-11-08,card,ANON-0000-0000-0494,35.76,Cappuccino,11:47:11,11,Friday,November,11
2024-11-08,card,ANON-0000-0000-0868,35.76,Latte,13:25:13,13,Friday,November,11
2024-11-08,card,ANON-0000-0000-0868,35.76,Latte,13:26:17,13,Friday,November,11
2024-11-08,card,ANON-0000-0000-0869,30.86,Americano with Milk,16:33:02,16,Friday,November,11
2024-11-08,card,ANON-0000-0000-0870,30.86,Americano with Milk,16:55:28,16,Friday,November,11
2024-11-08,card,ANON-0000-0000-0871,35.76,Hot Chocolate,20:13:32,20,Friday,November,11
2024-11-08,card,ANON-0000-0000-0872,35.76,Hot Chocolate,20:14:24,20,Friday,November,11
2024-11-08,card,ANON-0000-0000-0872,35.76,Hot Chocolate,20:15:20,20,Friday,November,11
2024-11-08,card,ANON-0000-0000-0690,35.76,Latte,22:27:09,22,Friday,November,11
2024-11-09,card,ANON-0000-0000-0276,30.86,Americano with Milk,10:08:18,10,Saturday,November,11
2024-11-09,card,ANON-0000-0000-0141,25.96,Cortado,11:02:08,11,Saturday,November,11
2024-11-09,card,ANON-0000-0000-0141,25.96,Cortado,11:03:00,11,Saturday,November,11
2024-11-09,card,ANON-0000-0000-0873,35.76,Latte,11:08:44,11,Saturday,November,11
2024-11-09,card,ANON-0000-0000-0871,35.76,Hot Chocolate,13:50:14,13,Saturday,November,11
2024-11-09,card,ANON-0000-0000-0871,35.76,Hot Chocolate,13:50:55,13,Saturday,November,11
2024-11-09,card,ANON-0000-0000-0874,35.76,Hot Chocolate,14:21:51,14,Saturday,November,11
2024-11-09,card,ANON-0000-0000-0874,35.76,Hot Chocolate,14:22:50,14,Saturday,November,11
2024-11-09,card,ANON-0000-0000-0875,25.96,Americano,14:37:33,14,Saturday,November,11
2024-11-09,card,ANON-0000-0000-0276,30.86,Americano with Milk,15:29:50,15,Saturday,November,11
2024-11-09,card,ANON-0000-0000-0570,35.76,Latte,16:15:47,16,Saturday,November,11
2024-11-09,card,ANON-0000-0000-0570,35.76,Cocoa,16:16:52,16,Saturday,November,11
2024-11-09,card,ANON-0000-0000-0876,25.96,Americano,20:42:04,20,Saturday,November,11
2024-11-09,card,ANON-0000-0000-0876,35.76,Latte,20:43:27,20,Saturday,November,11
2024-11-09,card,ANON-0000-0000-0877,35.76,Cocoa,22:13:27,22,Saturday,November,11
2024-11-09,card,ANON-0000-0000-0878,25.96,Americano,22:52:58,22,Saturday,November,11
2024-11-09,card,ANON-0000-0000-0879,25.96,Americano,22:54:19,22,Saturday,November,11
2024-11-10,card,ANON-0000-0000-0880,25.96,Americano,09:46:21,9,Sunday,November,11
2024-11-10,card,ANON-0000-0000-0881,35.76,Cocoa,17:52:47,17,Sunday,November,11
2024-11-10,card,ANON-0000-0000-0882,35.76,Hot Chocolate,18:12:53,18,Sunday,November,11
2024-11-10,card,ANON-0000-0000-0883,35.76,Hot Chocolate,18:14:03,18,Sunday,November,11
2024-11-10,card,ANON-0000-0000-0884,35.76,Cappuccino,20:38:08,20,Sunday,November,11
2024-11-10,card,ANON-0000-0000-0884,35.76,Cappuccino,20:39:06,20,Sunday,November,11
2024-11-11,card,ANON-0000-0000-0696,35.76,Cappuccino,07:48:26,7,Monday,November,11
2024-11-11,card,ANON-0000-0000-0276,30.86,Americano with Milk,09:52:25,9,Monday,November,11
2024-11-11,card,ANON-0000-0000-0141,25.96,Cortado,10:19:09,10,Monday,November,11
2024-11-11,card,ANON-0000-0000-0206,35.76,Cappuccino,16:18:44,16,Monday,November,11
2024-11-11,card,ANON-0000-0000-0206,35.76,Hot Chocolate,16:19:52,16,Monday,November,11
2024-11-11,card,ANON-0000-0000-0885,35.76,Cappuccino,17:33:32,17,Monday,November,11
2024-11-11,card,ANON-0000-0000-0886,35.76,Latte,19:00:46,19,Monday,November,11
2024-11-11,card,ANON-0000-0000-0887,35.76,Hot Chocolate,19:04:15,19,Monday,November,11
2024-11-11,card,ANON-0000-0000-0888,35.76,Latte,21:08:31,21,Monday,November,11
2024-11-11,card,ANON-0000-0000-0888,35.76,Latte,21:09:46,21,Monday,November,11
2024-11-12,card,ANON-0000-0000-0889,35.76,Latte,10:03:08,10,Tuesday,November,11
2024-11-12,card,ANON-0000-0000-0890,35.76,Latte,13:15:45,13,Tuesday,November,11
2024-11-12,card,ANON-0000-0000-0691,35.76,Latte,14:39:14,14,Tuesday,November,11
2024-11-12,card,ANON-0000-0000-0891,35.76,Hot Chocolate,16:47:14,16,Tuesday,November,11
2024-11-12,card,ANON-0000-0000-0891,35.76,Hot Chocolate,16:48:04,16,Tuesday,November,11
2024-11-12,card,ANON-0000-0000-0891,35.76,Cocoa,16:49:03,16,Tuesday,November,11
2024-11-12,card,ANON-0000-0000-0696,35.76,Cappuccino,18:45:14,18,Tuesday,November,11
2024-11-12,card,ANON-0000-0000-0892,35.76,Latte,20:07:57,20,Tuesday,November,11
2024-11-12,card,ANON-0000-0000-0893,35.76,Cocoa,20:09:21,20,Tuesday,November,11
2024-11-13,card,ANON-0000-0000-0894,30.86,Americano with Milk,08:09:10,8,Wednesday,November,11
2024-11-13,card,ANON-0000-0000-0892,35.76,Latte,10:37:43,10,Wednesday,November,11
2024-11-13,card,ANON-0000-0000-0895,30.86,Americano with Milk,13:19:54,13,Wednesday,November,11
2024-11-13,card,ANON-0000-0000-0895,30.86,Americano with Milk,13:20:58,13,Wednesday,November,11
2024-11-13,card,ANON-0000-0000-0896,30.86,Americano with Milk,14:17:30,14,Wednesday,November,11
2024-11-13,card,ANON-0000-0000-0892,35.76,Latte,14:46:58,14,Wednesday,November,11
2024-11-14,card,ANON-0000-0000-0892,35.76,Latte,09:36:27,9,Thursday,November,11
2024-11-14,card,ANON-0000-0000-0897,25.96,Americano,10:06:42,10,Thursday,November,11
2024-11-14,card,ANON-0000-0000-0898,21.06,Espresso,12:48:50,12,Thursday,November,11
2024-11-14,card,ANON-0000-0000-0899,35.76,Cappuccino,15:03:45,15,Thursday,November,11
2024-11-14,card,ANON-0000-0000-0900,35.76,Latte,15:04:56,15,Thursday,November,11
2024-11-14,card,ANON-0000-0000-0900,35.76,Cappuccino,15:05:49,15,Thursday,November,11
2024-11-14,card,ANON-0000-0000-0819,30.86,Americano with Milk,16:13:08,16,Thursday,November,11
2024-11-14,card,ANON-0000-0000-0819,35.76,Cappuccino,16:14:21,16,Thursday,November,11
2024-11-14,card,ANON-0000-0000-0507,35.76,Hot Chocolate,19:43:26,19,Thursday,November,11
2024-11-14,card,ANON-0000-0000-0507,35.76,Hot Chocolate,19:46:37,19,Thursday,November,11
2024-11-14,card,ANON-0000-0000-0877,35.76,Cocoa,20:31:30,20,Thursday,November,11
2024-11-14,card,ANON-0000-0000-0877,35.76,Hot Chocolate,20:32:30,20,Thursday,November,11
2024-11-14,card,ANON-0000-0000-0019,35.76,Latte,21:24:31,21,Thursday,November,11
2024-11-14,card,ANON-0000-0000-0901,35.76,Latte,22:40:42,22,Thursday,November,11
2024-11-15,card,ANON-0000-0000-0902,30.86,Americano with Milk,08:45:51,8,Friday,November,11
2024-11-15,card,ANON-0000-0000-0769,30.86,Americano with Milk,11:05:53,11,Friday,November,11
2024-11-15,card,ANON-0000-0000-0903,35.76,Cocoa,12:09:00,12,Friday,November,11
2024-11-15,card,ANON-0000-0000-0904,35.76,Cocoa,12:14:18,12,Friday,November,11
2024-11-15,card,ANON-0000-0000-0494,35.76,Latte,13:57:33,13,Friday,November,11
2024-11-15,card,ANON-0000-0000-0905,25.96,Americano,15:19:50,15,Friday,November,11
2024-11-15,card,ANON-0000-0000-0851,30.86,Americano with Milk,17:35:41,17,Friday,November,11
2024-11-15,card,ANON-0000-0000-0906,35.76,Latte,17:55:01,17,Friday,November,11
2024-11-15,card,ANON-0000-0000-0907,35.76,Hot Chocolate,18:12:44,18,Friday,November,11
2024-11-15,card,ANON-0000-0000-0287,30.86,Americano with Milk,18:42:21,18,Friday,November,11
2024-11-15,card,ANON-0000-0000-0287,30.86,Americano with Milk,18:43:21,18,Friday,November,11
2024-11-16,card,ANON-0000-0000-0141,25.96,Cortado,10:21:34,10,Saturday,November,11
2024-11-16,card,ANON-0000-0000-0908,25.96,Cortado,10:45:51,10,Saturday,November,11
2024-11-16,card,ANON-0000-0000-0909,35.76,Hot Chocolate,11:02:00,11,Saturday,November,11
2024-11-16,card,ANON-0000-0000-0910,35.76,Latte,11:03:06,11,Saturday,November,11
2024-11-16,card,ANON-0000-0000-0302,25.96,Americano,11:39:24,11,Saturday,November,11
2024-11-16,card,ANON-0000-0000-0911,35.76,Cappuccino,12:30:14,12,Saturday,November,11
2024-11-16,card,ANON-0000-0000-0912,30.86,Americano with Milk,12:31:50,12,Saturday,November,11
2024-11-16,card,ANON-0000-0000-0913,35.76,Latte,12:48:35,12,Saturday,November,11
2024-11-16,card,ANON-0000-0000-0913,35.76,Latte,12:49:35,12,Saturday,November,11
2024-11-16,card,ANON-0000-0000-0819,30.86,Americano with Milk,13:16:55,13,Saturday,November,11
2024-11-16,card,ANON-0000-0000-0914,35.76,Latte,13:18:00,13,Saturday,November,11
2024-11-16,card,ANON-0000-0000-0914,35.76,Latte,13:19:09,13,Saturday,November,11
2024-11-16,card,ANON-0000-0000-0915,30.86,Americano with Milk,14:25:47,14,Saturday,November,11
2024-11-17,card,ANON-0000-0000-0916,30.86,Americano with Milk,10:29:36,10,Sunday,November,11
2024-11-17,card,ANON-0000-0000-0917,30.86,Americano with Milk,13:35:19,13,Sunday,November,11
2024-11-17,card,ANON-0000-0000-0918,25.96,Americano,14:18:41,14,Sunday,November,11
2024-11-17,card,ANON-0000-0000-0919,30.86,Americano with Milk,14:33:40,14,Sunday,November,11
2024-11-17,card,ANON-0000-0000-0920,35.76,Latte,16:27:26,16,Sunday,November,11
2024-11-17,card,ANON-0000-0000-0920,35.76,Latte,16:28:35,16,Sunday,November,11
2024-11-17,card,ANON-0000-0000-0921,35.76,Hot Chocolate,18:10:06,18,Sunday,November,11
2024-11-17,card,ANON-0000-0000-0922,35.76,Hot Chocolate,19:17:34,19,Sunday,November,11
2024-11-17,card,ANON-0000-0000-0922,35.76,Hot Chocolate,19:18:27,19,Sunday,November,11
2024-11-18,card,ANON-0000-0000-0769,30.86,Americano with Milk,07:52:19,7,Monday,November,11
2024-11-18,card,ANON-0000-0000-0923,30.86,Americano with Milk,07:53:16,7,Monday,November,11
2024-11-18,card,ANON-0000-0000-0570,35.76,Latte,07:57:22,7,Monday,November,11
2024-11-18,card,ANON-0000-0000-0924,35.76,Latte,16:44:49,16,Monday,November,11
2024-11-18,card,ANON-0000-0000-0906,35.76,Latte,16:46:52,16,Monday,November,11
2024-11-18,card,ANON-0000-0000-0925,35.76,Latte,18:50:54,18,Monday,November,11
2024-11-19,card,ANON-0000-0000-0696,35.76,Cocoa,07:49:00,7,Tuesday,November,11
2024-11-19,card,ANON-0000-0000-0923,30.86,Americano with Milk,07:51:13,7,Tuesday,November,11
2024-11-19,card,ANON-0000-0000-0923,35.76,Latte,07:52:13,7,Tuesday,November,11
2024-11-19,card,ANON-0000-0000-0926,21.06,Espresso,07:53:38,7,Tuesday,November,11
2024-11-19,card,ANON-0000-0000-0927,35.76,Latte,07:54:46,7,Tuesday,November,11
2024-11-19,card,ANON-0000-0000-0276,30.86,Americano with Milk,10:29:23,10,Tuesday,November,11
2024-11-19,card,ANON-0000-0000-0928,35.76,Latte,11:07:09,11,Tuesday,November,11
2024-11-19,card,ANON-0000-0000-0012,35.76,Cocoa,16:22:40,16,Tuesday,November,11
2024-11-19,card,ANON-0000-0000-0012,35.76,Cocoa,16:23:59,16,Tuesday,November,11
2024-11-19,card,ANON-0000-0000-0206,35.76,Cappuccino,16:41:03,16,Tuesday,November,11
2024-11-19,card,ANON-0000-0000-0929,35.76,Cappuccino,16:47:41,16,Tuesday,November,11
2024-11-20,card,ANON-0000-0000-0930,30.86,Americano with Milk,13:29:38,13,Wednesday,November,11
2024-11-20,card,ANON-0000-0000-0906,35.76,Latte,16:34:50,16,Wednesday,November,11
2024-11-20,card,ANON-0000-0000-0931,35.76,Cappuccino,17:49:51,17,Wednesday,November,11
2024-11-20,card,ANON-0000-0000-0931,35.76,Hot Chocolate,17:50:49,17,Wednesday,November,11
2024-11-21,card,ANON-0000-0000-0141,25.96,Cortado,11:06:11,11,Thursday,November,11
2024-11-21,card,ANON-0000-0000-0906,35.76,Latte,12:33:36,12,Thursday,November,11
2024-11-21,card,ANON-0000-0000-0903,35.76,Cocoa,12:59:45,12,Thursday,November,11
2024-11-21,card,ANON-0000-0000-0932,35.76,Cocoa,13:00:47,13,Thursday,November,11
2024-11-21,card,ANON-0000-0000-0906,35.76,Latte,16:14:13,16,Thursday,November,11
2024-11-21,card,ANON-0000-0000-0933,30.86,Americano with Milk,17:35:27,17,Thursday,November,11
2024-11-21,card,ANON-0000-0000-0934,25.96,Cortado,17:39:22,17,Thursday,November,11
2024-11-21,card,ANON-0000-0000-0935,35.76,Hot Chocolate,19:01:02,19,Thursday,November,11
2024-11-22,card,ANON-0000-0000-0906,35.76,Latte,07:50:36,7,Friday,November,11
2024-11-22,card,ANON-0000-0000-0696,35.76,Cappuccino,10:03:42,10,Friday,November,11
2024-11-22,card,ANON-0000-0000-0936,35.76,Latte,11:02:32,11,Friday,November,11
2024-11-22,card,ANON-0000-0000-0937,35.76,Cocoa,11:24:26,11,Friday,November,11
2024-11-22,card,ANON-0000-0000-0938,35.76,Hot Chocolate,16:33:05,16,Friday,November,11
2024-11-22,card,ANON-0000-0000-0938,35.76,Latte,16:33:49,16,Friday,November,11
2024-11-23,card,ANON-0000-0000-0543,25.96,Cortado,09:10:46,9,Saturday,November,11
2024-11-23,card,ANON-0000-0000-0543,25.96,Cortado,09:11:48,9,Saturday,November,11
2024-11-23,card,ANON-0000-0000-0683,35.76,Latte,10:05:15,10,Saturday,November,11
2024-11-23,card,ANON-0000-0000-0172,35.76,Cappuccino,11:02:59,11,Saturday,November,11
2024-11-23,card,ANON-0000-0000-0939,25.96,Americano,11:09:28,11,Saturday,November,11
2024-11-23,card,ANON-0000-0000-0939,25.96,Americano,11:10:25,11,Saturday,November,11
2024-11-23,card,ANON-0000-0000-0494,35.76,Hot Chocolate,11:41:27,11,Saturday,November,11
2024-11-23,card,ANON-0000-0000-0940,35.76,Latte,22:37:04,22,Saturday,November,11
2024-11-24,card,ANON-0000-0000-0570,35.76,Latte,08:17:07,8,Sunday,November,11
2024-11-25,card,ANON-0000-0000-0696,35.76,Cappuccino,07:49:17,7,Monday,November,11
2024-11-25,card,ANON-0000-0000-0941,35.76,Latte,07:54:23,7,Monday,November,11
2024-11-25,card,ANON-0000-0000-0276,30.86,Americano with Milk,09:12:20,9,Monday,November,11
2024-11-25,card,ANON-0000-0000-0141,25.96,Cortado,10:38:08,10,Monday,November,11
2024-11-25,card,ANON-0000-0000-0942,35.76,Latte,12:50:58,12,Monday,November,11
2024-11-25,card,ANON-0000-0000-0943,35.76,Latte,12:52:41,12,Monday,November,11
2024-11-25,card,ANON-0000-0000-0871,35.76,Hot Chocolate,16:30:56,16,Monday,November,11
2024-11-25,card,ANON-0000-0000-0944,30.86,Americano with Milk,19:01:59,19,Monday,November,11
2024-11-25,card,ANON-0000-0000-0945,35.76,Hot Chocolate,19:37:58,19,Monday,November,11
2024-11-25,card,ANON-0000-0000-0637,35.76,Hot Chocolate,21:42:15,21,Monday,November,11
2024-11-25,card,ANON-0000-0000-0637,35.76,Cappuccino,21:43:00,21,Monday,November,11
2024-11-26,card,ANON-0000-0000-0570,35.76,Latte,07:54:37,7,Tuesday,November,11
2024-11-26,card,ANON-0000-0000-0903,35.76,Cocoa,11:02:56,11,Tuesday,November,11
2024-11-26,card,ANON-0000-0000-0946,25.96,Americano,11:03:47,11,Tuesday,November,11
2024-11-26,card,ANON-0000-0000-0947,35.76,Cocoa,11:06:09,11,Tuesday,November,11
2024-11-26,card,ANON-0000-0000-0947,35.76,Cocoa,11:07:09,11,Tuesday,November,11
2024-11-26,card,ANON-0000-0000-0948,35.76,Latte,16:03:54,16,Tuesday,November,11
2024-11-26,card,ANON-0000-0000-0949,35.76,Latte,16:05:00,16,Tuesday,November,11
2024-11-26,card,ANON-0000-0000-0950,25.96,Americano,17:11:37,17,Tuesday,November,11
2024-11-26,card,ANON-0000-0000-0950,30.86,Americano with Milk,17:12:34,17,Tuesday,November,11
2024-11-26,card,ANON-0000-0000-0951,35.76,Cocoa,19:47:24,19,Tuesday,November,11
2024-11-28,card,ANON-0000-0000-0952,35.76,Cappuccino,08:41:16,8,Thursday,November,11
2024-11-28,card,ANON-0000-0000-0276,30.86,Americano with Milk,09:14:00,9,Thursday,November,11
2024-11-28,card,ANON-0000-0000-0012,30.86,Americano with Milk,20:24:42,20,Thursday,November,11
2024-11-28,card,ANON-0000-0000-0019,35.76,Latte,20:25:45,20,Thursday,November,11
2024-11-28,card,ANON-0000-0000-0507,35.76,Latte,20:54:59,20,Thursday,November,11
2024-11-28,card,ANON-0000-0000-0748,35.76,Cappuccino,22:00:15,22,Thursday,November,11
2024-11-29,card,ANON-0000-0000-0696,35.76,Cocoa,07:53:15,7,Friday,November,11
2024-11-29,card,ANON-0000-0000-0570,35.76,Latte,07:57:42,7,Friday,November,11
2024-11-29,card,ANON-0000-0000-0385,30.86,Americano with Milk,09:07:31,9,Friday,November,11
2024-11-29,card,ANON-0000-0000-0385,30.86,Americano with Milk,09:08:30,9,Friday,November,11
2024-11-29,card,ANON-0000-0000-0953,30.86,Americano with Milk,15:18:06,15,Friday,November,11
2024-11-29,card,ANON-0000-0000-0954,35.76,Latte,15:19:20,15,Friday,November,11
2024-11-29,card,ANON-0000-0000-0955,35.76,Cocoa,20:57:54,20,Friday,November,11
2024-11-30,card,ANON-0000-0000-0570,35.76,Cocoa,12:58:12,12,Saturday,November,11
2024-11-30,card,ANON-0000-0000-0956,25.96,Americano,14:04:55,14,Saturday,November,11
2024-11-30,card,ANON-0000-0000-0956,35.76,Hot Chocolate,14:05:58,14,Saturday,November,11
2024-11-30,card,ANON-0000-0000-0494,35.76,Cocoa,14:16:52,14,Saturday,November,11
2024-11-30,card,ANON-0000-0000-0097,30.86,Americano with Milk,15:33:44,15,Saturday,November,11
2024-11-30,card,ANON-0000-0000-0957,30.86,Americano with Milk,22:03:48,22,Saturday,November,11
2024-12-01,card,ANON-0000-0000-0040,30.86,Americano with Milk,10:15:31,10,Sunday,December,12
2024-12-01,card,ANON-0000-0000-0040,30.86,Americano with Milk,10:16:31,10,Sunday,December,12
2024-12-01,card,ANON-0000-0000-0385,30.86,Americano with Milk,10:22:46,10,Sunday,December,12
2024-12-01,card,ANON-0000-0000-0958,30.86,Americano with Milk,14:34:22,14,Sunday,December,12
2024-12-01,card,ANON-0000-0000-0959,35.76,Cocoa,15:09:12,15,Sunday,December,12
2024-12-01,card,ANON-0000-0000-0959,35.76,Cocoa,15:09:56,15,Sunday,December,12
2024-12-01,card,ANON-0000-0000-0960,35.76,Cappuccino,15:43:02,15,Sunday,December,12
2024-12-01,card,ANON-0000-0000-0961,35.76,Latte,15:56:31,15,Sunday,December,12
2024-12-01,card,ANON-0000-0000-0962,35.76,Latte,15:57:49,15,Sunday,December,12
2024-12-01,card,ANON-0000-0000-0963,35.76,Latte,16:32:59,16,Sunday,December,12
2024-12-01,card,ANON-0000-0000-0964,35.76,Latte,16:34:30,16,Sunday,December,12
2024-12-01,card,ANON-0000-0000-0965,30.86,Americano with Milk,17:10:23,17,Sunday,December,12
2024-12-01,card,ANON-0000-0000-0965,30.86,Americano with Milk,17:11:32,17,Sunday,December,12
2024-12-01,card,ANON-0000-0000-0966,30.86,Americano with Milk,18:38:28,18,Sunday,December,12
2024-12-02,card,ANON-0000-0000-0696,35.76,Latte,07:50:36,7,Monday,December,12
2024-12-02,card,ANON-0000-0000-0967,25.96,Americano,07:51:59,7,Monday,December,12
2024-12-02,card,ANON-0000-0000-0276,30.86,Americano with Milk,08:21:29,8,Monday,December,12
2024-12-02,card,ANON-0000-0000-0968,35.76,Cocoa,08:53:14,8,Monday,December,12
2024-12-02,card,ANON-0000-0000-0141,25.96,Cortado,11:04:25,11,Monday,December,12
2024-12-02,card,ANON-0000-0000-0969,21.06,Espresso,15:28:23,15,Monday,December,12
2024-12-02,card,ANON-0000-0000-0970,35.76,Cappuccino,16:12:23,16,Monday,December,12
2024-12-02,card,ANON-0000-0000-0971,25.96,Americano,17:34:21,17,Monday,December,12
2024-12-02,card,ANON-0000-0000-0972,35.76,Cappuccino,18:00:32,18,Monday,December,12
2024-12-03,card,ANON-0000-0000-0570,35.76,Latte,08:11:19,8,Tuesday,December,12
2024-12-03,card,ANON-0000-0000-0276,30.86,Americano with Milk,09:23:30,9,Tuesday,December,12
2024-12-03,card,ANON-0000-0000-0276,30.86,Americano with Milk,09:24:27,9,Tuesday,December,12
2024-12-03,card,ANON-0000-0000-0973,25.96,Americano,11:17:58,11,Tuesday,December,12
2024-12-03,card,ANON-0000-0000-0974,30.86,Americano with Milk,11:42:07,11,Tuesday,December,12
2024-12-03,card,ANON-0000-0000-0819,30.86,Americano with Milk,11:43:15,11,Tuesday,December,12
2024-12-03,card,ANON-0000-0000-0819,30.86,Americano with Milk,11:45:54,11,Tuesday,December,12
2024-12-03,card,ANON-0000-0000-0975,35.76,Cocoa,20:50:55,20,Tuesday,December,12
2024-12-03,card,ANON-0000-0000-0685,35.76,Latte,21:33:16,21,Tuesday,December,12
2024-12-03,card,ANON-0000-0000-0685,35.76,Cappuccino,21:34:13,21,Tuesday,December,12
2024-12-03,card,ANON-0000-0000-0685,35.76,Hot Chocolate,21:35:18,21,Tuesday,December,12
2024-12-03,card,ANON-0000-0000-0976,30.86,Americano with Milk,22:19:13,22,Tuesday,December,12
2024-12-03,card,ANON-0000-0000-0206,35.76,Cappuccino,22:21:42,22,Tuesday,December,12
2024-12-04,card,ANON-0000-0000-0141,25.96,Cortado,08:32:47,8,Wednesday,December,12
2024-12-04,card,ANON-0000-0000-0977,35.76,Latte,08:50:30,8,Wednesday,December,12
2024-12-04,card,ANON-0000-0000-0978,35.76,Latte,08:52:15,8,Wednesday,December,12
2024-12-04,card,ANON-0000-0000-0979,25.96,Americano,09:04:14,9,Wednesday,December,12
2024-12-04,card,ANON-0000-0000-0276,30.86,Americano with Milk,10:23:01,10,Wednesday,December,12
2024-12-04,card,ANON-0000-0000-0276,30.86,Americano with Milk,10:24:07,10,Wednesday,December,12
2024-12-04,card,ANON-0000-0000-0980,30.86,Americano with Milk,10:26:57,10,Wednesday,December,12
2024-12-04,card,ANON-0000-0000-0783,35.76,Hot Chocolate,10:29:47,10,Wednesday,December,12
2024-12-04,card,ANON-0000-0000-0981,30.86,Americano with Milk,11:45:57,11,Wednesday,December,12
2024-12-04,card,ANON-0000-0000-0982,35.76,Hot Chocolate,14:33:54,14,Wednesday,December,12
2024-12-05,card,ANON-0000-0000-0983,25.96,Americano,08:53:48,8,Thursday,December,12
2024-12-05,card,ANON-0000-0000-0141,25.96,Cortado,09:20:28,9,Thursday,December,12
2024-12-05,card,ANON-0000-0000-0276,30.86,Americano with Milk,10:02:51,10,Thursday,December,12
2024-12-05,card,ANON-0000-0000-0276,30.86,Americano with Milk,10:05:05,10,Thursday,December,12
2024-12-05,card,ANON-0000-0000-0579,35.76,Latte,11:31:58,11,Thursday,December,12
2024-12-05,card,ANON-0000-0000-0984,25.96,Americano,11:50:44,11,Thursday,December,12
2024-12-05,card,ANON-0000-0000-0985,35.76,Cappuccino,14:30:58,14,Thursday,December,12
2024-12-05,card,ANON-0000-0000-0906,35.76,Latte,15:21:19,15,Thursday,December,12
2024-12-05,card,ANON-0000-0000-0771,35.76,Latte,16:02:10,16,Thursday,December,12
2024-12-06,card,ANON-0000-0000-0906,35.76,Latte,11:42:18,11,Friday,December,12
2024-12-06,card,ANON-0000-0000-0938,35.76,Hot Chocolate,16:31:58,16,Friday,December,12
2024-12-06,card,ANON-0000-0000-0731,35.76,Latte,22:30:33,22,Friday,December,12
2024-12-06,card,ANON-0000-0000-0731,35.76,Hot Chocolate,22:31:30,22,Friday,December,12
2024-12-07,card,ANON-0000-0000-0986,30.86,Americano with Milk,11:17:10,11,Saturday,December,12
2024-12-07,card,ANON-0000-0000-0987,25.96,Americano,14:16:42,14,Saturday,December,12
2024-12-07,card,ANON-0000-0000-0409,35.76,Latte,15:44:04,15,Saturday,December,12
2024-12-07,card,ANON-0000-0000-0206,35.76,Cappuccino,19:11:13,19,Saturday,December,12
2024-12-07,card,ANON-0000-0000-0988,30.86,Americano with Milk,22:00:09,22,Saturday,December,12
2024-12-07,card,ANON-0000-0000-0989,25.96,Americano,22:28:17,22,Saturday,December,12
2024-12-08,card,ANON-0000-0000-0141,25.96,Cortado,08:29:25,8,Sunday,December,12
2024-12-08,card,ANON-0000-0000-0787,35.76,Latte,10:42:38,10,Sunday,December,12
2024-12-08,card,ANON-0000-0000-0787,35.76,Cappuccino,10:43:42,10,Sunday,December,12
2024-12-08,card,ANON-0000-0000-0990,25.96,Cortado,12:51:40,12,Sunday,December,12
2024-12-08,card,ANON-0000-0000-0991,30.86,Americano with Milk,13:02:36,13,Sunday,December,12
2024-12-08,card,ANON-0000-0000-0991,30.86,Americano with Milk,13:03:38,13,Sunday,December,12
2024-12-08,card,ANON-0000-0000-0206,35.76,Cappuccino,17:26:29,17,Sunday,December,12
2024-12-08,card,ANON-0000-0000-0992,21.06,Espresso,18:41:48,18,Sunday,December,12
2024-12-08,card,ANON-0000-0000-0097,35.76,Cappuccino,20:47:18,20,Sunday,December,12
2024-12-08,card,ANON-0000-0000-0993,30.86,Americano with Milk,21:28:30,21,Sunday,December,12
2024-12-08,card,ANON-0000-0000-0976,30.86,Americano with Milk,21:41:23,21,Sunday,December,12
2024-12-09,card,ANON-0000-0000-0994,35.76,Cappuccino,08:32:40,8,Monday,December,12
2024-12-09,card,ANON-0000-0000-0995,25.96,Americano,09:12:25,9,Monday,December,12
2024-12-09,card,ANON-0000-0000-0276,30.86,Americano with Milk,09:33:57,9,Monday,December,12
2024-12-09,card,ANON-0000-0000-0802,25.96,Cortado,13:00:54,13,Monday,December,12
2024-12-09,card,ANON-0000-0000-0996,35.76,Cocoa,21:21:51,21,Monday,December,12
2024-12-10,card,ANON-0000-0000-0141,25.96,Cortado,12:25:49,12,Tuesday,December,12
2024-12-10,card,ANON-0000-0000-0938,35.76,Hot Chocolate,18:21:57,18,Tuesday,December,12
2024-12-11,card,ANON-0000-0000-0570,35.76,Latte,07:49:45,7,Wednesday,December,12
2024-12-11,card,ANON-0000-0000-0141,25.96,Cortado,10:45:47,10,Wednesday,December,12
2024-12-11,card,ANON-0000-0000-0997,35.76,Hot Chocolate,12:13:06,12,Wednesday,December,12
2024-12-11,card,ANON-0000-0000-0998,21.06,Espresso,12:56:47,12,Wednesday,December,12
2024-12-11,card,ANON-0000-0000-0999,35.76,Cocoa,17:59:25,17,Wednesday,December,12
2024-12-11,card,ANON-0000-0000-0690,35.76,Latte,21:01:07,21,Wednesday,December,12
2024-12-11,card,ANON-0000-0000-1000,35.76,Latte,21:18:17,21,Wednesday,December,12
2024-12-12,card,ANON-0000-0000-1001,30.86,Americano with Milk,07:58:31,7,Thursday,December,12
2024-12-12,card,ANON-0000-0000-1002,25.96,Americano,12:49:23,12,Thursday,December,12
2024-12-12,card,ANON-0000-0000-1003,21.06,Espresso,16:55:02,16,Thursday,December,12
2024-12-12,card,ANON-0000-0000-1003,21.06,Espresso,16:55:49,16,Thursday,December,12
2024-12-12,card,ANON-0000-0000-1003,25.96,Americano,16:57:01,16,Thursday,December,12
2024-12-12,card,ANON-0000-0000-0922,35.76,Cocoa,19:50:00,19,Thursday,December,12
2024-12-12,card,ANON-0000-0000-0922,35.76,Cocoa,19:50:57,19,Thursday,December,12
2024-12-13,card,ANON-0000-0000-1004,25.96,Americano,12:27:25,12,Friday,December,12
2024-12-13,card,ANON-0000-0000-1003,25.96,Americano,12:53:05,12,Friday,December,12
2024-12-13,card,ANON-0000-0000-1003,35.76,Hot Chocolate,12:54:40,12,Friday,December,12
2024-12-13,card,ANON-0000-0000-1005,35.76,Hot Chocolate,14:01:58,14,Friday,December,12
2024-12-13,card,ANON-0000-0000-0494,35.76,Cocoa,16:23:23,16,Friday,December,12
2024-12-13,card,ANON-0000-0000-0876,35.76,Cappuccino,19:19:03,19,Friday,December,12
2024-12-13,card,ANON-0000-0000-0876,35.76,Cappuccino,19:20:10,19,Friday,December,12
2024-12-13,card,ANON-0000-0000-0748,35.76,Latte,21:35:41,21,Friday,December,12
2024-12-14,card,ANON-0000-0000-1006,30.86,Americano with Milk,08:27:32,8,Saturday,December,12
2024-12-14,card,ANON-0000-0000-1007,35.76,Cocoa,09:03:05,9,Saturday,December,12
2024-12-14,card,ANON-0000-0000-0664,35.76,Cappuccino,11:41:57,11,Saturday,December,12
2024-12-14,card,ANON-0000-0000-1008,25.96,Americano,13:19:07,13,Saturday,December,12
2024-12-14,card,ANON-0000-0000-1008,35.76,Latte,13:20:08,13,Saturday,December,12
2024-12-14,card,ANON-0000-0000-0612,35.76,Cocoa,16:10:29,16,Saturday,December,12
2024-12-14,card,ANON-0000-0000-0040,25.96,Americano,16:29:58,16,Saturday,December,12
2024-12-14,card,ANON-0000-0000-0040,25.96,Americano,16:30:49,16,Saturday,December,12
2024-12-14,card,ANON-0000-0000-1003,25.96,Americano,17:00:15,17,Saturday,December,12
2024-12-14,card,ANON-0000-0000-1003,25.96,Americano,17:01:29,17,Saturday,December,12
2024-12-14,card,ANON-0000-0000-1009,30.86,Americano with Milk,18:23:44,18,Saturday,December,12
2024-12-15,card,ANON-0000-0000-0570,35.76,Latte,11:09:24,11,Sunday,December,12
2024-12-15,card,ANON-0000-0000-0570,35.76,Cocoa,11:10:25,11,Sunday,December,12
2024-12-15,card,ANON-0000-0000-0798,35.76,Hot Chocolate,17:58:05,17,Sunday,December,12
2024-12-16,card,ANON-0000-0000-0570,35.76,Latte,07:52:18,7,Monday,December,12
2024-12-16,card,ANON-0000-0000-1010,35.76,Hot Chocolate,08:03:31,8,Monday,December,12
2024-12-16,card,ANON-0000-0000-0714,35.76,Cocoa,08:46:53,8,Monday,December,12
2024-12-16,card,ANON-0000-0000-1011,30.86,Americano with Milk,12:19:08,12,Monday,December,12
2024-12-16,card,ANON-0000-0000-0886,35.76,Latte,13:08:52,13,Monday,December,12
2024-12-16,card,ANON-0000-0000-0896,35.76,Hot Chocolate,14:13:18,14,Monday,December,12
2024-12-16,card,ANON-0000-0000-0012,35.76,Latte,18:23:07,18,Monday,December,12
2024-12-16,card,ANON-0000-0000-0012,30.86,Americano with Milk,18:24:01,18,Monday,December,12
2024-12-17,card,ANON-0000-0000-1012,25.96,Cortado,08:48:18,8,Tuesday,December,12
2024-12-17,card,ANON-0000-0000-1013,35.76,Cappuccino,08:52:32,8,Tuesday,December,12
2024-12-17,card,ANON-0000-0000-0276,30.86,Americano with Milk,10:49:05,10,Tuesday,December,12
2024-12-17,card,ANON-0000-0000-1014,25.96,Americano,16:22:35,16,Tuesday,December,12
2024-12-17,card,ANON-0000-0000-1014,35.76,Cocoa,16:23:36,16,Tuesday,December,12
2024-12-17,card,ANON-0000-0000-0664,35.76,Cappuccino,17:14:22,17,Tuesday,December,12
2024-12-17,card,ANON-0000-0000-0907,35.76,Cocoa,18:54:57,18,Tuesday,December,12
2024-12-18,card,ANON-0000-0000-1015,35.76,Latte,09:30:28,9,Wednesday,December,12
2024-12-18,card,ANON-0000-0000-1016,30.86,Americano with Milk,10:01:21,10,Wednesday,December,12
2024-12-18,card,ANON-0000-0000-1016,35.76,Latte,10:03:02,10,Wednesday,December,12
2024-12-18,card,ANON-0000-0000-1016,35.76,Cappuccino,10:04:03,10,Wednesday,December,12
2024-12-19,card,ANON-0000-0000-1017,35.76,Hot Chocolate,10:12:11,10,Thursday,December,12
2024-12-19,card,ANON-0000-0000-0276,30.86,Americano with Milk,11:25:43,11,Thursday,December,12
2024-12-19,card,ANON-0000-0000-1018,21.06,Espresso,12:10:52,12,Thursday,December,12
2024-12-19,card,ANON-0000-0000-1019,35.76,Hot Chocolate,13:38:56,13,Thursday,December,12
2024-12-19,card,ANON-0000-0000-0206,35.76,Cappuccino,19:00:56,19,Thursday,December,12
2024-12-19,card,ANON-0000-0000-0040,35.76,Cappuccino,19:10:40,19,Thursday,December,12
2024-12-19,card,ANON-0000-0000-1020,30.86,Americano with Milk,19:48:18,19,Thursday,December,12
2024-12-19,card,ANON-0000-0000-1020,35.76,Hot Chocolate,19:49:42,19,Thursday,December,12
2024-12-19,card,ANON-0000-0000-1021,35.76,Latte,21:08:11,21,Thursday,December,12
2024-12-19,card,ANON-0000-0000-1021,35.76,Cappuccino,21:09:15,21,Thursday,December,12
2024-12-20,card,ANON-0000-0000-0141,25.96,Cortado,08:14:51,8,Friday,December,12
2024-12-20,card,ANON-0000-0000-0276,30.86,Americano with Milk,09:39:29,9,Friday,December,12
2024-12-20,card,ANON-0000-0000-1022,35.76,Cappuccino,10:12:42,10,Friday,December,12
2024-12-20,card,ANON-0000-0000-0141,25.96,Cortado,10:55:29,10,Friday,December,12
2024-12-20,card,ANON-0000-0000-0819,21.06,Espresso,12:21:17,12,Friday,December,12
2024-12-20,card,ANON-0000-0000-0819,30.86,Americano with Milk,12:22:49,12,Friday,December,12
2024-12-20,card,ANON-0000-0000-1023,25.96,Cortado,14:58:20,14,Friday,December,12
2024-12-20,card,ANON-0000-0000-1024,35.76,Cappuccino,18:28:22,18,Friday,December,12
2024-12-20,card,ANON-0000-0000-0206,35.76,Cappuccino,18:57:13,18,Friday,December,12
2024-12-21,card,ANON-0000-0000-1025,35.76,Cappuccino,10:19:23,10,Saturday,December,12
2024-12-21,card,ANON-0000-0000-1025,35.76,Latte,10:20:41,10,Saturday,December,12
2024-12-21,card,ANON-0000-0000-1026,25.96,Americano,10:32:02,10,Saturday,December,12
2024-12-21,card,ANON-0000-0000-0507,35.76,Hot Chocolate,15:33:03,15,Saturday,December,12
2024-12-21,card,ANON-0000-0000-0507,35.76,Latte,15:33:49,15,Saturday,December,12
2024-12-21,card,ANON-0000-0000-0842,30.86,Americano with Milk,15:35:29,15,Saturday,December,12
2024-12-21,card,ANON-0000-0000-1027,35.76,Latte,15:58:07,15,Saturday,December,12
2024-12-21,card,ANON-0000-0000-1020,35.76,Cocoa,17:47:27,17,Saturday,December,12
2024-12-21,card,ANON-0000-0000-1028,35.76,Hot Chocolate,18:02:36,18,Saturday,December,12
2024-12-21,card,ANON-0000-0000-1029,25.96,Cortado,18:08:17,18,Saturday,December,12
2024-12-21,card,ANON-0000-0000-1030,30.86,Americano with Milk,19:48:13,19,Saturday,December,12
2024-12-21,card,ANON-0000-0000-1030,25.96,Cortado,19:49:45,19,Saturday,December,12
2024-12-21,card,ANON-0000-0000-1029,25.96,Cortado,21:49:47,21,Saturday,December,12
2024-12-21,card,ANON-0000-0000-1031,35.76,Latte,21:58:48,21,Saturday,December,12
2024-12-21,card,ANON-0000-0000-1029,25.96,Cortado,22:16:14,22,Saturday,December,12
2024-12-22,card,ANON-0000-0000-0333,35.76,Cappuccino,10:42:56,10,Sunday,December,12
2024-12-22,card,ANON-0000-0000-0206,35.76,Cappuccino,18:55:44,18,Sunday,December,12
2024-12-22,card,ANON-0000-0000-1032,35.76,Hot Chocolate,19:35:45,19,Sunday,December,12
2024-12-22,card,ANON-0000-0000-1032,35.76,Hot Chocolate,19:36:29,19,Sunday,December,12
2024-12-22,card,ANON-0000-0000-0636,35.76,Hot Chocolate,20:26:36,20,Sunday,December,12
2024-12-22,card,ANON-0000-0000-1033,35.76,Cocoa,21:55:18,21,Sunday,December,12
2024-12-22,card,ANON-0000-0000-1034,25.96,Cortado,21:56:56,21,Sunday,December,12
2024-12-23,card,ANON-0000-0000-1029,25.96,Cortado,09:03:21,9,Monday,December,12
2024-12-23,card,ANON-0000-0000-0276,30.86,Americano with Milk,09:22:17,9,Monday,December,12
2024-12-23,card,ANON-0000-0000-0042,30.86,Americano with Milk,10:42:03,10,Monday,December,12
2024-12-23,card,ANON-0000-0000-0570,35.76,Cappuccino,11:35:54,11,Monday,December,12
2024-12-23,card,ANON-0000-0000-1035,35.76,Latte,14:05:31,14,Monday,December,12
2024-12-23,card,ANON-0000-0000-1036,30.86,Americano with Milk,15:00:23,15,Monday,December,12
2024-12-23,card,ANON-0000-0000-0906,35.76,Latte,16:14:50,16,Monday,December,12
2024-12-23,card,ANON-0000-0000-1037,25.96,Cortado,17:21:20,17,Monday,December,12
2024-12-23,card,ANON-0000-0000-1037,35.76,Latte,17:22:40,17,Monday,December,12
2024-12-23,card,ANON-0000-0000-1029,25.96,Cortado,20:46:07,20,Monday,December,12
2024-12-24,card,ANON-0000-0000-1038,30.86,Americano with Milk,15:10:43,15,Tuesday,December,12
2024-12-24,card,ANON-0000-0000-1039,35.76,Hot Chocolate,16:08:38,16,Tuesday,December,12
2024-12-24,card,ANON-0000-0000-1029,25.96,Cortado,17:55:28,17,Tuesday,December,12
2024-12-24,card,ANON-0000-0000-1039,35.76,Hot Chocolate,19:10:36,19,Tuesday,December,12
2024-12-24,card,ANON-0000-0000-1040,35.76,Latte,19:11:36,19,Tuesday,December,12
2024-12-24,card,ANON-0000-0000-1039,21.06,Espresso,19:12:34,19,Tuesday,December,12
2024-12-24,card,ANON-0000-0000-0097,35.76,Cappuccino,19:36:02,19,Tuesday,December,12
2024-12-25,card,ANON-0000-0000-1041,35.76,Latte,10:43:56,10,Wednesday,December,12
2024-12-25,card,ANON-0000-0000-1041,35.76,Latte,10:45:02,10,Wednesday,December,12
2024-12-25,card,ANON-0000-0000-1042,30.86,Americano with Milk,12:35:03,12,Wednesday,December,12
2024-12-25,card,ANON-0000-0000-1042,25.96,Americano,12:36:00,12,Wednesday,December,12
2024-12-25,card,ANON-0000-0000-1043,30.86,Americano with Milk,13:17:11,13,Wednesday,December,12
2024-12-25,card,ANON-0000-0000-1044,25.96,Americano,13:32:47,13,Wednesday,December,12
2024-12-25,card,ANON-0000-0000-0097,35.76,Cappuccino,20:02:40,20,Wednesday,December,12
2024-12-25,card,ANON-0000-0000-1045,35.76,Cocoa,21:18:49,21,Wednesday,December,12
2024-12-25,card,ANON-0000-0000-1045,35.76,Cocoa,21:19:42,21,Wednesday,December,12
2024-12-25,card,ANON-0000-0000-1046,35.76,Latte,21:57:30,21,Wednesday,December,12
2024-12-25,card,ANON-0000-0000-0154,35.76,Cappuccino,22:51:02,22,Wednesday,December,12
2024-12-25,card,ANON-0000-0000-0154,30.86,Americano with Milk,22:53:06,22,Wednesday,December,12
2024-12-26,card,ANON-0000-0000-1047,35.76,Cappuccino,13:12:37,13,Thursday,December,12
2024-12-26,card,ANON-0000-0000-1048,21.06,Espresso,15:04:34,15,Thursday,December,12
2024-12-27,card,ANON-0000-0000-1049,25.96,Americano,07:50:20,7,Friday,December,12
2024-12-27,card,ANON-0000-0000-1029,25.96,Cortado,08:57:38,8,Friday,December,12
2024-12-27,card,ANON-0000-0000-0141,25.96,Cortado,09:09:55,9,Friday,December,12
2024-12-27,card,ANON-0000-0000-0276,30.86,Americano with Milk,10:12:53,10,Friday,December,12
2024-12-27,card,ANON-0000-0000-1050,35.76,Latte,17:12:04,17,Friday,December,12
2024-12-27,card,ANON-0000-0000-1051,25.96,Americano,19:47:27,19,Friday,December,12
2024-12-27,card,ANON-0000-0000-1051,30.86,Americano with Milk,19:48:21,19,Friday,December,12
2024-12-27,card,ANON-0000-0000-0701,35.76,Cocoa,22:54:32,22,Friday,December,12
2024-12-28,card,ANON-0000-0000-1029,25.96,Cortado,09:00:23,9,Saturday,December,12
2024-12-28,card,ANON-0000-0000-0141,25.96,Cortado,09:50:37,9,Saturday,December,12
2024-12-28,card,ANON-0000-0000-0727,30.86,Americano with Milk,10:18:44,10,Saturday,December,12
2024-12-28,card,ANON-0000-0000-0570,35.76,Latte,10:52:03,10,Saturday,December,12
2024-12-28,card,ANON-0000-0000-1052,35.76,Cappuccino,14:10:01,14,Saturday,December,12
2024-12-28,card,ANON-0000-0000-1053,35.76,Hot Chocolate,14:13:17,14,Saturday,December,12
2024-12-28,card,ANON-0000-0000-0507,35.76,Latte,17:23:40,17,Saturday,December,12
2024-12-28,card,ANON-0000-0000-1054,35.76,Cappuccino,22:11:01,22,Saturday,December,12
2024-12-29,card,ANON-0000-0000-1029,25.96,Cortado,13:46:16,13,Sunday,December,12
2024-12-29,card,ANON-0000-0000-1055,21.06,Espresso,15:04:26,15,Sunday,December,12
2024-12-29,card,ANON-0000-0000-1055,25.96,Americano,15:05:16,15,Sunday,December,12
2024-12-29,card,ANON-0000-0000-1056,25.96,Cortado,17:30:04,17,Sunday,December,12
2024-12-29,card,ANON-0000-0000-1057,21.06,Espresso,17:31:46,17,Sunday,December,12
2024-12-29,card,ANON-0000-0000-1029,25.96,Cortado,19:47:43,19,Sunday,December,12
2024-12-29,card,ANON-0000-0000-1058,35.76,Hot Chocolate,20:25:54,20,Sunday,December,12
2024-12-29,card,ANON-0000-0000-0729,35.76,Latte,21:17:19,21,Sunday,December,12
2024-12-30,card,ANON-0000-0000-1029,25.96,Cortado,09:02:44,9,Monday,December,12
2024-12-30,card,ANON-0000-0000-0276,30.86,Americano with Milk,09:44:11,9,Monday,December,12
2024-12-30,card,ANON-0000-0000-1059,35.76,Latte,13:52:31,13,Monday,December,12
2024-12-30,card,ANON-0000-0000-1059,35.76,Hot Chocolate,13:53:39,13,Monday,December,12
2024-12-30,card,ANON-0000-0000-0920,35.76,Latte,15:12:45,15,Monday,December,12
2024-12-30,card,ANON-0000-0000-0920,30.86,Americano with Milk,15:13:38,15,Monday,December,12
2024-12-30,card,ANON-0000-0000-1003,30.86,Americano with Milk,16:29:53,16,Monday,December,12
2024-12-30,card,ANON-0000-0000-1060,25.96,Americano,16:31:28,16,Monday,December,12
2024-12-30,card,ANON-0000-0000-0886,35.76,Cappuccino,16:36:45,16,Monday,December,12
2024-12-31,card,ANON-0000-0000-1029,25.96,Cortado,08:52:28,8,Tuesday,December,12
2024-12-31,card,ANON-0000-0000-1034,35.76,Cappuccino,09:36:50,9,Tuesday,December,12
2024-12-31,card,ANON-0000-0000-1034,25.96,Cortado,09:39:41,9,Tuesday,December,12
2024-12-31,card,ANON-0000-0000-1061,35.76,Cocoa,09:45:28,9,Tuesday,December,12
2024-12-31,card,ANON-0000-0000-1062,30.86,Americano with Milk,10:26:52,10,Tuesday,December,12
2024-12-31,card,ANON-0000-0000-1062,30.86,Americano with Milk,10:29:28,10,Tuesday,December,12
2024-12-31,card,ANON-0000-0000-0195,35.76,Cappuccino,11:11:30,11,Tuesday,December,12
2024-12-31,card,ANON-0000-0000-0195,30.86,Americano with Milk,11:12:42,11,Tuesday,December,12
2024-12-31,card,ANON-0000-0000-0012,21.06,Espresso,15:42:14,15,Tuesday,December,12
2024-12-31,card,ANON-0000-0000-0012,25.96,Americano,15:43:13,15,Tuesday,December,12
2024-12-31,card,ANON-0000-0000-1063,35.76,Cappuccino,16:07:18,16,Tuesday,December,12
2024-12-31,card,ANON-0000-0000-0525,35.76,Latte,17:10:17,17,Tuesday,December,12
2024-12-31,card,ANON-0000-0000-1064,30.86,Americano with Milk,17:30:52,17,Tuesday,December,12
2024-12-31,card,ANON-0000-0000-1065,35.76,Cappuccino,17:31:48,17,Tuesday,December,12
2024-12-31,card,ANON-0000-0000-1066,35.76,Latte,19:07:25,19,Tuesday,December,12
2024-12-31,card,ANON-0000-0000-1066,35.76,Hot Chocolate,19:08:38,19,Tuesday,December,12
2025-01-02,card,ANON-0000-0000-0276,30.86,Americano with Milk,09:58:05,9,Thursday,January,1
2025-01-02,card,ANON-0000-0000-1067,35.76,Cocoa,13:29:40,13,Thursday,January,1
2025-01-02,card,ANON-0000-0000-1067,35.76,Cocoa,13:30:38,13,Thursday,January,1
2025-01-02,card,ANON-0000-0000-1068,25.96,Cortado,14:41:10,14,Thursday,January,1
2025-01-02,card,ANON-0000-0000-1068,25.96,Cortado,14:42:45,14,Thursday,January,1
2025-01-02,card,ANON-0000-0000-1069,25.96,Americano,16:22:32,16,Thursday,January,1
2025-01-02,card,ANON-0000-0000-0877,35.76,Hot Chocolate,16:34:59,16,Thursday,January,1
2025-01-02,card,ANON-0000-0000-0877,30.86,Americano with Milk,16:35:44,16,Thursday,January,1
2025-01-02,card,ANON-0000-0000-0525,35.76,Cappuccino,17:43:10,17,Thursday,January,1
2025-01-03,card,ANON-0000-0000-1029,25.96,Cortado,09:03:22,9,Friday,January,1
2025-01-03,card,ANON-0000-0000-0276,30.86,Americano with Milk,10:10:30,10,Friday,January,1
2025-01-03,card,ANON-0000-0000-1070,30.86,Americano with Milk,16:58:09,16,Friday,January,1
2025-01-03,card,ANON-0000-0000-0620,35.76,Cappuccino,22:13:28,22,Friday,January,1
2025-01-03,card,ANON-0000-0000-1071,25.96,Americano,22:18:20,22,Friday,January,1
2025-01-03,card,ANON-0000-0000-1072,25.96,Americano,22:19:14,22,Friday,January,1
2025-01-03,card,ANON-0000-0000-0690,35.76,Latte,22:21:25,22,Friday,January,1
2025-01-04,card,ANON-0000-0000-1029,25.96,Cortado,08:58:26,8,Saturday,January,1
2025-01-04,card,ANON-0000-0000-1073,25.96,Americano,09:59:27,9,Saturday,January,1
2025-01-04,card,ANON-0000-0000-1074,35.76,Cappuccino,13:40:00,13,Saturday,January,1
2025-01-04,card,ANON-0000-0000-0877,35.76,Cocoa,15:59:33,15,Saturday,January,1
2025-01-04,card,ANON-0000-0000-1034,30.86,Americano with Milk,16:12:55,16,Saturday,January,1
2025-01-04,card,ANON-0000-0000-1034,35.76,Cappuccino,16:14:10,16,Saturday,January,1
2025-01-04,card,ANON-0000-0000-1034,35.76,Cappuccino,16:16:11,16,Saturday,January,1
2025-01-04,card,ANON-0000-0000-1034,25.96,Cortado,16:18:04,16,Saturday,January,1
2025-01-04,card,ANON-0000-0000-1075,25.96,Americano,18:11:39,18,Saturday,January,1
2025-01-04,card,ANON-0000-0000-1000,35.76,Latte,22:23:30,22,Saturday,January,1
2025-01-05,card,ANON-0000-0000-1076,30.86,Americano with Milk,09:45:57,9,Sunday,January,1
2025-01-05,card,ANON-0000-0000-1077,35.76,Latte,10:53:00,10,Sunday,January,1
2025-01-05,card,ANON-0000-0000-1078,30.86,Americano with Milk,22:07:16,22,Sunday,January,1
2025-01-06,card,ANON-0000-0000-1079,25.96,Americano,19:58:50,19,Monday,January,1
2025-01-07,card,ANON-0000-0000-1080,35.76,Cappuccino,13:29:02,13,Tuesday,January,1
2025-01-07,card,ANON-0000-0000-1081,35.76,Cocoa,22:32:45,22,Tuesday,January,1
2025-01-07,card,ANON-0000-0000-1081,35.76,Cocoa,22:33:58,22,Tuesday,January,1
2025-01-08,card,ANON-0000-0000-1082,30.86,Americano with Milk,07:30:02,7,Wednesday,January,1
2025-01-08,card,ANON-0000-0000-1083,35.76,Latte,09:11:15,9,Wednesday,January,1
2025-01-08,card,ANON-0000-0000-1034,25.96,Cortado,10:30:28,10,Wednesday,January,1
2025-01-08,card,ANON-0000-0000-0206,35.76,Cappuccino,17:22:51,17,Wednesday,January,1
2025-01-09,card,ANON-0000-0000-1084,25.96,Americano,08:07:07,8,Thursday,January,1
2025-01-09,card,ANON-0000-0000-0570,35.76,Latte,08:56:34,8,Thursday,January,1
2025-01-09,card,ANON-0000-0000-0385,30.86,Americano with Milk,09:02:31,9,Thursday,January,1
2025-01-09,card,ANON-0000-0000-0348,21.06,Espresso,14:27:23,14,Thursday,January,1
2025-01-09,card,ANON-0000-0000-1085,35.76,Latte,15:36:58,15,Thursday,January,1
2025-01-09,card,ANON-0000-0000-0141,30.86,Americano with Milk,15:48:10,15,Thursday,January,1
2025-01-09,card,ANON-0000-0000-0141,25.96,Cortado,15:49:11,15,Thursday,January,1
2025-01-09,card,ANON-0000-0000-0012,30.86,Americano with Milk,20:30:29,20,Thursday,January,1
2025-01-09,card,ANON-0000-0000-0329,35.76,Latte,22:10:20,22,Thursday,January,1
2025-01-10,card,ANON-0000-0000-0224,30.86,Americano with Milk,08:49:20,8,Friday,January,1
2025-01-10,card,ANON-0000-0000-0385,30.86,Americano with Milk,09:16:36,9,Friday,January,1
2025-01-10,card,ANON-0000-0000-1086,35.76,Cappuccino,17:51:18,17,Friday,January,1
2025-01-10,card,ANON-0000-0000-1045,35.76,Hot Chocolate,17:55:53,17,Friday,January,1
2025-01-10,card,ANON-0000-0000-0224,30.86,Americano with Milk,17:59:39,17,Friday,January,1
2025-01-11,card,ANON-0000-0000-0842,30.86,Americano with Milk,07:44:30,7,Saturday,January,1
2025-01-11,card,ANON-0000-0000-1087,35.76,Hot Chocolate,10:49:41,10,Saturday,January,1
2025-01-11,card,ANON-0000-0000-1088,25.96,Americano,11:13:53,11,Saturday,January,1
2025-01-11,card,ANON-0000-0000-1089,35.76,Latte,11:20:17,11,Saturday,January,1
2025-01-11,card,ANON-0000-0000-1089,35.76,Latte,11:21:25,11,Saturday,January,1
2025-01-11,card,ANON-0000-0000-1089,35.76,Latte,12:10:58,12,Saturday,January,1
2025-01-11,card,ANON-0000-0000-1089,35.76,Latte,12:13:24,12,Saturday,January,1
2025-01-11,card,ANON-0000-0000-1090,30.86,Americano with Milk,14:12:54,14,Saturday,January,1
2025-01-11,card,ANON-0000-0000-1091,30.86,Americano with Milk,14:15:38,14,Saturday,January,1
2025-01-11,card,ANON-0000-0000-1091,35.76,Cappuccino,14:16:43,14,Saturday,January,1
2025-01-11,card,ANON-0000-0000-1092,35.76,Latte,14:47:02,14,Saturday,January,1
2025-01-11,card,ANON-0000-0000-1093,25.96,Cortado,17:19:33,17,Saturday,January,1
2025-01-11,card,ANON-0000-0000-1094,35.76,Latte,17:20:56,17,Saturday,January,1
2025-01-11,card,ANON-0000-0000-1093,25.96,Cortado,17:22:05,17,Saturday,January,1
2025-01-11,card,ANON-0000-0000-1095,30.86,Americano with Milk,18:01:28,18,Saturday,January,1
2025-01-12,card,ANON-0000-0000-0842,30.86,Americano with Milk,11:45:32,11,Sunday,January,1
2025-01-12,card,ANON-0000-0000-0842,25.96,Americano,11:48:18,11,Sunday,January,1
2025-01-12,card,ANON-0000-0000-0012,30.86,Americano with Milk,11:49:50,11,Sunday,January,1
2025-01-12,card,ANON-0000-0000-1096,35.76,Hot Chocolate,16:15:58,16,Sunday,January,1
2025-01-12,card,ANON-0000-0000-1097,30.86,Americano with Milk,20:56:04,20,Sunday,January,1
2025-01-13,card,ANON-0000-0000-0533,30.86,Americano with Milk,08:08:20,8,Monday,January,1
2025-01-13,card,ANON-0000-0000-0276,30.86,Americano with Milk,09:17:19,9,Monday,January,1
2025-01-13,card,ANON-0000-0000-1034,25.96,Cortado,13:02:56,13,Monday,January,1
2025-01-13,card,ANON-0000-0000-0906,35.76,Latte,13:50:46,13,Monday,January,1
2025-01-13,card,ANON-0000-0000-1098,35.76,Latte,14:11:27,14,Monday,January,1
2025-01-13,card,ANON-0000-0000-1098,35.76,Cappuccino,14:12:28,14,Monday,January,1
2025-01-13,card,ANON-0000-0000-1099,35.76,Latte,16:25:36,16,Monday,January,1
2025-01-13,card,ANON-0000-0000-0050,21.06,Espresso,20:51:18,20,Monday,January,1
2025-01-14,card,ANON-0000-0000-0682,35.76,Latte,07:37:42,7,Tuesday,January,1
2025-01-14,card,ANON-0000-0000-1029,25.96,Cortado,09:53:42,9,Tuesday,January,1
2025-01-14,card,ANON-0000-0000-0276,30.86,Americano with Milk,10:21:45,10,Tuesday,January,1
2025-01-14,card,ANON-0000-0000-1100,35.76,Latte,12:49:14,12,Tuesday,January,1
2025-01-14,card,ANON-0000-0000-1101,30.86,Americano with Milk,16:18:19,16,Tuesday,January,1
2025-01-14,card,ANON-0000-0000-1101,30.86,Americano with Milk,16:19:26,16,Tuesday,January,1
2025-01-14,card,ANON-0000-0000-0206,35.76,Cappuccino,19:41:55,19,Tuesday,January,1
2025-01-14,card,ANON-0000-0000-1097,35.76,Latte,21:02:35,21,Tuesday,January,1
2025-01-15,card,ANON-0000-0000-0419,30.86,Americano with Milk,09:12:04,9,Wednesday,January,1
2025-01-15,card,ANON-0000-0000-1102,25.96,Americano,11:10:23,11,Wednesday,January,1
2025-01-15,card,ANON-0000-0000-0886,35.76,Cappuccino,13:14:14,13,Wednesday,January,1
2025-01-15,card,ANON-0000-0000-0634,35.76,Latte,15:35:21,15,Wednesday,January,1
2025-01-15,card,ANON-0000-0000-1103,35.76,Cappuccino,15:36:47,15,Wednesday,January,1
2025-01-15,card,ANON-0000-0000-0634,35.76,Latte,15:37:55,15,Wednesday,January,1
2025-01-15,card,ANON-0000-0000-1104,35.76,Latte,16:55:26,16,Wednesday,January,1
2025-01-15,card,ANON-0000-0000-1105,35.76,Latte,18:06:12,18,Wednesday,January,1
2025-01-15,card,ANON-0000-0000-1097,35.76,Latte,19:51:14,19,Wednesday,January,1
2025-01-15,card,ANON-0000-0000-0731,35.76,Cappuccino,21:41:14,21,Wednesday,January,1
2025-01-16,card,ANON-0000-0000-0886,35.76,Latte,09:32:57,9,Thursday,January,1
2025-01-16,card,ANON-0000-0000-0419,30.86,Americano with Milk,09:38:09,9,Thursday,January,1
2025-01-16,card,ANON-0000-0000-0012,30.86,Americano with Milk,10:41:40,10,Thursday,January,1
2025-01-16,card,ANON-0000-0000-0141,25.96,Cortado,12:12:16,12,Thursday,January,1
2025-01-16,card,ANON-0000-0000-1106,35.76,Latte,15:16:19,15,Thursday,January,1
2025-01-16,card,ANON-0000-0000-0406,35.76,Latte,16:35:11,16,Thursday,January,1
2025-01-16,card,ANON-0000-0000-1097,35.76,Cappuccino,18:15:57,18,Thursday,January,1
2025-01-16,card,ANON-0000-0000-1045,35.76,Hot Chocolate,21:15:59,21,Thursday,January,1
2025-01-16,card,ANON-0000-0000-1045,35.76,Hot Chocolate,21:16:59,21,Thursday,January,1
2025-01-16,card,ANON-0000-0000-1107,25.96,Cortado,21:40:12,21,Thursday,January,1
2025-01-17,card,ANON-0000-0000-1108,35.76,Cocoa,07:38:19,7,Friday,January,1
2025-01-17,card,ANON-0000-0000-1109,35.76,Latte,08:26:20,8,Friday,January,1
2025-01-17,card,ANON-0000-0000-1109,35.76,Cappuccino,08:27:48,8,Friday,January,1
2025-01-17,card,ANON-0000-0000-0276,30.86,Americano with Milk,08:47:56,8,Friday,January,1
2025-01-17,card,ANON-0000-0000-0012,30.86,Americano with Milk,09:27:38,9,Friday,January,1
2025-01-17,card,ANON-0000-0000-1110,35.76,Cocoa,14:20:53,14,Friday,January,1
2025-01-17,card,ANON-0000-0000-1110,35.76,Cocoa,14:22:02,14,Friday,January,1
2025-01-17,card,ANON-0000-0000-0906,35.76,Hot Chocolate,17:39:10,17,Friday,January,1
2025-01-17,card,ANON-0000-0000-0877,35.76,Hot Chocolate,21:22:18,21,Friday,January,1
2025-01-18,card,ANON-0000-0000-1082,30.86,Americano with Milk,10:12:38,10,Saturday,January,1
2025-01-18,card,ANON-0000-0000-0507,35.76,Hot Chocolate,16:33:40,16,Saturday,January,1
2025-01-18,card,ANON-0000-0000-0507,35.76,Latte,16:35:14,16,Saturday,January,1
2025-01-18,card,ANON-0000-0000-0507,35.76,Hot Chocolate,16:36:28,16,Saturday,January,1
2025-01-20,card,ANON-0000-0000-0012,30.86,Americano with Milk,08:29:47,8,Monday,January,1
2025-01-20,card,ANON-0000-0000-0276,30.86,Americano with Milk,10:57:25,10,Monday,January,1
2025-01-20,card,ANON-0000-0000-0141,25.96,Cortado,11:40:24,11,Monday,January,1
2025-01-20,card,ANON-0000-0000-1111,25.96,Americano,12:04:49,12,Monday,January,1
2025-01-20,card,ANON-0000-0000-1111,25.96,Cortado,12:06:00,12,Monday,January,1
2025-01-20,card,ANON-0000-0000-1112,30.86,Americano with Milk,13:45:14,13,Monday,January,1
2025-01-20,card,ANON-0000-0000-1113,35.76,Hot Chocolate,20:08:11,20,Monday,January,1
2025-01-20,card,ANON-0000-0000-1114,35.76,Cappuccino,20:26:24,20,Monday,January,1
2025-01-20,card,ANON-0000-0000-1114,35.76,Cappuccino,20:27:28,20,Monday,January,1
2025-01-20,card,ANON-0000-0000-1115,35.76,Latte,21:13:45,21,Monday,January,1
2025-01-21,card,ANON-0000-0000-1010,35.76,Cocoa,08:05:04,8,Tuesday,January,1
2025-01-21,card,ANON-0000-0000-0141,25.96,Cortado,08:18:19,8,Tuesday,January,1
2025-01-21,card,ANON-0000-0000-1082,30.86,Americano with Milk,08:19:28,8,Tuesday,January,1
2025-01-21,card,ANON-0000-0000-1116,25.96,Americano,15:35:16,15,Tuesday,January,1
2025-01-21,card,ANON-0000-0000-1117,35.76,Hot Chocolate,18:32:32,18,Tuesday,January,1
2025-01-21,card,ANON-0000-0000-0333,35.76,Latte,18:54:13,18,Tuesday,January,1
2025-01-21,card,ANON-0000-0000-0333,35.76,Latte,18:56:15,18,Tuesday,January,1
2025-01-21,card,ANON-0000-0000-1110,25.96,Americano,19:15:21,19,Tuesday,January,1
2025-01-22,card,ANON-0000-0000-1118,21.06,Espresso,11:24:45,11,Wednesday,January,1
2025-01-22,card,ANON-0000-0000-0463,30.86,Americano with Milk,17:32:06,17,Wednesday,January,1
2025-01-22,card,ANON-0000-0000-1119,35.76,Cocoa,18:49:59,18,Wednesday,January,1
2025-01-22,card,ANON-0000-0000-1051,30.86,Americano with Milk,19:10:26,19,Wednesday,January,1
2025-01-22,card,ANON-0000-0000-1051,35.76,Cappuccino,19:11:23,19,Wednesday,January,1
2025-01-22,card,ANON-0000-0000-1120,35.76,Latte,19:29:15,19,Wednesday,January,1
2025-01-22,card,ANON-0000-0000-1121,30.86,Americano with Milk,20:14:30,20,Wednesday,January,1
2025-01-24,card,ANON-0000-0000-1034,35.76,Cappuccino,13:42:16,13,Friday,January,1
2025-01-24,card,ANON-0000-0000-1034,25.96,Cortado,13:43:37,13,Friday,January,1
2025-01-24,card,ANON-0000-0000-1122,35.76,Cocoa,15:28:38,15,Friday,January,1
2025-01-24,card,ANON-0000-0000-1123,25.96,Americano,17:41:49,17,Friday,January,1
2025-01-24,card,ANON-0000-0000-1045,35.76,Cocoa,21:16:26,21,Friday,January,1
2025-01-24,card,ANON-0000-0000-1124,35.76,Hot Chocolate,22:31:55,22,Friday,January,1
2025-01-24,card,ANON-0000-0000-1124,35.76,Latte,22:32:57,22,Friday,January,1
2025-01-25,card,ANON-0000-0000-1114,35.76,Cappuccino,13:21:04,13,Saturday,January,1
2025-01-25,card,ANON-0000-0000-1125,35.76,Cappuccino,14:38:24,14,Saturday,January,1
2025-01-25,card,ANON-0000-0000-1126,25.96,Americano,14:39:35,14,Saturday,January,1
2025-01-26,card,ANON-0000-0000-1127,25.96,Americano,12:35:22,12,Sunday,January,1
2025-01-26,card,ANON-0000-0000-1127,21.06,Espresso,12:36:34,12,Sunday,January,1
2025-01-27,card,ANON-0000-0000-0141,25.96,Cortado,08:07:42,8,Monday,January,1
2025-01-27,card,ANON-0000-0000-0141,25.96,Americano,08:32:43,8,Monday,January,1
2025-01-27,card,ANON-0000-0000-1128,35.76,Cappuccino,12:05:02,12,Monday,January,1
2025-01-27,card,ANON-0000-0000-0276,30.86,Americano with Milk,13:45:08,13,Monday,January,1
2025-01-27,card,ANON-0000-0000-0141,30.86,Americano with Milk,15:27:54,15,Monday,January,1
2025-01-27,card,ANON-0000-0000-0141,25.96,Cortado,15:29:00,15,Monday,January,1
2025-01-27,card,ANON-0000-0000-0141,30.86,Americano with Milk,15:30:12,15,Monday,January,1
2025-01-27,card,ANON-0000-0000-1129,35.76,Latte,18:55:19,18,Monday,January,1
2025-01-27,card,ANON-0000-0000-1130,35.76,Latte,19:02:40,19,Monday,January,1
2025-01-27,card,ANON-0000-0000-1131,35.76,Latte,19:03:45,19,Monday,January,1
2025-01-28,card,ANON-0000-0000-0197,35.76,Latte,08:26:36,8,Tuesday,January,1
2025-01-28,card,ANON-0000-0000-1132,25.96,Americano,09:33:17,9,Tuesday,January,1
2025-01-28,card,ANON-0000-0000-0224,30.86,Americano with Milk,11:56:26,11,Tuesday,January,1
2025-01-28,card,ANON-0000-0000-1133,25.96,Americano,12:22:01,12,Tuesday,January,1
2025-01-28,card,ANON-0000-0000-1134,35.76,Cocoa,16:19:07,16,Tuesday,January,1
2025-01-28,card,ANON-0000-0000-1134,25.96,Cortado,16:20:44,16,Tuesday,January,1
2025-01-28,card,ANON-0000-0000-1135,25.96,Americano,17:40:00,17,Tuesday,January,1
2025-01-28,card,ANON-0000-0000-1136,35.76,Latte,20:11:50,20,Tuesday,January,1
2025-01-28,card,ANON-0000-0000-1137,35.76,Cappuccino,20:13:45,20,Tuesday,January,1
2025-01-29,card,ANON-0000-0000-1069,25.96,Americano,09:38:47,9,Wednesday,January,1
2025-01-29,card,ANON-0000-0000-1138,25.96,Americano,16:25:36,16,Wednesday,January,1
2025-01-29,card,ANON-0000-0000-1139,30.86,Americano with Milk,19:19:08,19,Wednesday,January,1
2025-01-29,card,ANON-0000-0000-1139,21.06,Espresso,19:20:34,19,Wednesday,January,1
2025-01-30,card,ANON-0000-0000-0224,30.86,Americano with Milk,09:18:05,9,Thursday,January,1
2025-01-30,card,ANON-0000-0000-0276,30.86,Americano with Milk,10:12:33,10,Thursday,January,1
2025-01-30,card,ANON-0000-0000-0862,25.96,Cortado,11:26:29,11,Thursday,January,1
2025-01-30,card,ANON-0000-0000-1140,35.76,Hot Chocolate,12:42:15,12,Thursday,January,1
2025-01-30,card,ANON-0000-0000-1141,25.96,Americano,13:02:00,13,Thursday,January,1
2025-01-30,card,ANON-0000-0000-1142,30.86,Americano with Milk,14:41:42,14,Thursday,January,1
2025-01-30,card,ANON-0000-0000-1143,35.76,Hot Chocolate,17:18:48,17,Thursday,January,1
2025-01-30,card,ANON-0000-0000-1069,30.86,Americano with Milk,18:24:06,18,Thursday,January,1
2025-01-30,card,ANON-0000-0000-1144,25.96,Cortado,18:41:49,18,Thursday,January,1
2025-01-31,card,ANON-0000-0000-0141,25.96,Americano,08:40:51,8,Friday,January,1
2025-01-31,card,ANON-0000-0000-0141,30.86,Americano with Milk,08:41:44,8,Friday,January,1
2025-01-31,card,ANON-0000-0000-0304,30.86,Americano with Milk,09:17:14,9,Friday,January,1
2025-01-31,card,ANON-0000-0000-1145,35.76,Cocoa,09:20:10,9,Friday,January,1
2025-01-31,card,ANON-0000-0000-0333,35.76,Cappuccino,09:26:46,9,Friday,January,1
2025-01-31,card,ANON-0000-0000-0333,35.76,Cappuccino,09:27:47,9,Friday,January,1
2025-01-31,card,ANON-0000-0000-1133,35.76,Latte,12:31:01,12,Friday,January,1
2025-01-31,card,ANON-0000-0000-0507,35.76,Latte,12:54:25,12,Friday,January,1
2025-01-31,card,ANON-0000-0000-1146,35.76,Cappuccino,14:02:58,14,Friday,January,1
2025-01-31,card,ANON-0000-0000-0304,30.86,Americano with Milk,16:48:33,16,Friday,January,1
2025-01-31,card,ANON-0000-0000-1147,30.86,Americano with Milk,22:35:58,22,Friday,January,1
2025-01-31,card,ANON-0000-0000-1148,25.96,Americano,22:37:02,22,Friday,January,1
2025-02-01,card,ANON-0000-0000-0304,30.86,Americano with Milk,08:50:23,8,Saturday,February,2
2025-02-01,card,ANON-0000-0000-0224,30.86,Americano with Milk,10:07:22,10,Saturday,February,2
2025-02-01,card,ANON-0000-0000-0141,25.96,Cortado,13:14:46,13,Saturday,February,2
2025-02-01,card,ANON-0000-0000-0141,25.96,Cortado,13:15:29,13,Saturday,February,2
2025-02-01,card,ANON-0000-0000-1149,35.76,Cappuccino,14:35:18,14,Saturday,February,2
2025-02-01,card,ANON-0000-0000-1149,35.76,Cappuccino,14:36:16,14,Saturday,February,2
2025-02-01,card,ANON-0000-0000-1069,35.76,Latte,15:49:58,15,Saturday,February,2
2025-02-01,card,ANON-0000-0000-1114,35.76,Cappuccino,18:57:14,18,Saturday,February,2
2025-02-01,card,ANON-0000-0000-0224,30.86,Americano with Milk,19:53:15,19,Saturday,February,2
2025-02-01,card,ANON-0000-0000-0224,30.86,Americano with Milk,19:54:24,19,Saturday,February,2
2025-02-01,card,ANON-0000-0000-0427,30.86,Americano with Milk,21:37:01,21,Saturday,February,2
2025-02-02,card,ANON-0000-0000-1132,35.76,Cappuccino,10:56:21,10,Sunday,February,2
2025-02-02,card,ANON-0000-0000-1132,35.76,Cappuccino,10:57:37,10,Sunday,February,2
2025-02-02,card,ANON-0000-0000-1150,35.76,Latte,12:54:32,12,Sunday,February,2
2025-02-02,card,ANON-0000-0000-1151,35.76,Latte,12:56:04,12,Sunday,February,2
2025-02-02,card,ANON-0000-0000-0265,30.86,Americano with Milk,14:22:57,14,Sunday,February,2
2025-02-02,card,ANON-0000-0000-0507,35.76,Latte,16:45:07,16,Sunday,February,2
2025-02-02,card,ANON-0000-0000-1152,35.76,Latte,16:46:57,16,Sunday,February,2
2025-02-03,card,ANON-0000-0000-1152,35.76,Cappuccino,07:03:24,7,Monday,February,2
2025-02-03,card,ANON-0000-0000-1152,30.86,Americano with Milk,07:04:56,7,Monday,February,2
2025-02-03,card,ANON-0000-0000-1152,21.06,Espresso,08:04:03,8,Monday,February,2
2025-02-03,card,ANON-0000-0000-1153,30.86,Americano with Milk,08:09:08,8,Monday,February,2
2025-02-03,card,ANON-0000-0000-1154,25.96,Americano,10:15:38,10,Monday,February,2
2025-02-03,card,ANON-0000-0000-1155,35.76,Cappuccino,10:22:18,10,Monday,February,2
2025-02-03,card,ANON-0000-0000-1156,30.86,Americano with Milk,10:49:58,10,Monday,February,2
2025-02-03,card,ANON-0000-0000-1157,35.76,Cappuccino,13:25:02,13,Monday,February,2
2025-02-03,card,ANON-0000-0000-1158,35.76,Cappuccino,13:32:53,13,Monday,February,2
2025-02-03,card,ANON-0000-0000-1159,25.96,Americano,13:51:03,13,Monday,February,2
2025-02-03,card,ANON-0000-0000-1160,25.96,Americano,14:06:36,14,Monday,February,2
2025-02-03,card,ANON-0000-0000-0019,35.76,Latte,14:47:02,14,Monday,February,2
2025-02-03,card,ANON-0000-0000-0507,35.76,Latte,14:50:20,14,Monday,February,2
2025-02-03,card,ANON-0000-0000-1161,35.76,Latte,15:01:44,15,Monday,February,2
2025-02-03,card,ANON-0000-0000-1110,25.96,Americano,15:41:27,15,Monday,February,2
2025-02-03,card,ANON-0000-0000-1160,35.76,Cocoa,17:01:26,17,Monday,February,2
2025-02-03,card,ANON-0000-0000-1162,30.86,Americano with Milk,17:09:55,17,Monday,February,2
2025-02-03,card,ANON-0000-0000-1163,30.86,Americano with Milk,17:11:07,17,Monday,February,2
2025-02-03,card,ANON-0000-0000-1163,30.86,Americano with Milk,17:12:05,17,Monday,February,2
2025-02-03,card,ANON-0000-0000-1164,35.76,Hot Chocolate,17:13:21,17,Monday,February,2
2025-02-03,card,ANON-0000-0000-1164,35.76,Latte,17:14:18,17,Monday,February,2
2025-02-03,card,ANON-0000-0000-1165,35.76,Hot Chocolate,17:15:40,17,Monday,February,2
2025-02-03,card,ANON-0000-0000-1166,30.86,Americano with Milk,17:44:17,17,Monday,February,2
2025-02-03,card,ANON-0000-0000-1167,25.96,Americano,18:09:00,18,Monday,February,2
2025-02-03,card,ANON-0000-0000-1168,35.76,Cocoa,20:44:14,20,Monday,February,2
2025-02-04,card,ANON-0000-0000-1163,30.86,Americano with Milk,10:04:56,10,Tuesday,February,2
2025-02-04,card,ANON-0000-0000-1110,25.96,Americano,10:11:31,10,Tuesday,February,2
2025-02-04,card,ANON-0000-0000-1169,30.86,Americano with Milk,12:35:58,12,Tuesday,February,2
2025-02-04,card,ANON-0000-0000-1160,25.96,Cortado,13:07:39,13,Tuesday,February,2
2025-02-04,card,ANON-0000-0000-1170,25.96,Americano,14:15:14,14,Tuesday,February,2
2025-02-04,card,ANON-0000-0000-1163,30.86,Americano with Milk,14:17:36,14,Tuesday,February,2
2025-02-04,card,ANON-0000-0000-1171,25.96,Americano,14:19:48,14,Tuesday,February,2
2025-02-04,card,ANON-0000-0000-1157,30.86,Americano with Milk,18:13:41,18,Tuesday,February,2
2025-02-04,card,ANON-0000-0000-1172,35.76,Cocoa,19:05:21,19,Tuesday,February,2
2025-02-04,card,ANON-0000-0000-1173,35.76,Cocoa,19:09:36,19,Tuesday,February,2
2025-02-04,card,ANON-0000-0000-1173,35.76,Cocoa,19:10:27,19,Tuesday,February,2
2025-02-04,card,ANON-0000-0000-1174,25.96,Cortado,19:27:27,19,Tuesday,February,2
2025-02-05,card,ANON-0000-0000-1156,30.86,Americano with Milk,08:42:10,8,Wednesday,February,2
2025-02-05,card,ANON-0000-0000-1163,30.86,Americano with Milk,09:10:43,9,Wednesday,February,2
2025-02-05,card,ANON-0000-0000-1163,25.96,Americano,11:49:35,11,Wednesday,February,2
2025-02-05,card,ANON-0000-0000-1163,25.96,Americano,11:50:41,11,Wednesday,February,2
2025-02-05,card,ANON-0000-0000-1163,25.96,Americano,11:51:45,11,Wednesday,February,2
2025-02-05,card,ANON-0000-0000-1163,30.86,Americano with Milk,11:58:36,11,Wednesday,February,2
2025-02-05,card,ANON-0000-0000-1175,25.96,Americano,12:10:46,12,Wednesday,February,2
2025-02-05,card,ANON-0000-0000-1176,25.96,Americano,13:20:46,13,Wednesday,February,2
2025-02-05,card,ANON-0000-0000-1171,21.06,Espresso,13:43:42,13,Wednesday,February,2
2025-02-05,card,ANON-0000-0000-1171,21.06,Espresso,13:44:29,13,Wednesday,February,2
2025-02-05,card,ANON-0000-0000-1161,35.76,Cappuccino,14:57:52,14,Wednesday,February,2
2025-02-05,card,ANON-0000-0000-1177,35.76,Cappuccino,15:50:58,15,Wednesday,February,2
2025-02-05,card,ANON-0000-0000-1165,35.76,Hot Chocolate,16:34:20,16,Wednesday,February,2
2025-02-05,card,ANON-0000-0000-1164,35.76,Latte,16:35:33,16,Wednesday,February,2
2025-02-05,card,ANON-0000-0000-1164,35.76,Latte,16:36:34,16,Wednesday,February,2
2025-02-05,card,ANON-0000-0000-1152,35.76,Cocoa,16:39:01,16,Wednesday,February,2
2025-02-05,card,ANON-0000-0000-1165,35.76,Hot Chocolate,16:41:09,16,Wednesday,February,2
2025-02-05,card,ANON-0000-0000-1178,35.76,Cappuccino,18:18:34,18,Wednesday,February,2
2025-02-05,card,ANON-0000-0000-1179,35.76,Cappuccino,18:19:49,18,Wednesday,February,2
2025-02-05,card,ANON-0000-0000-1180,35.76,Cocoa,18:20:51,18,Wednesday,February,2
2025-02-05,card,ANON-0000-0000-1157,30.86,Americano with Milk,18:25:29,18,Wednesday,February,2
2025-02-05,card,ANON-0000-0000-1181,35.76,Cappuccino,18:45:42,18,Wednesday,February,2
2025-02-05,card,ANON-0000-0000-0507,35.76,Hot Chocolate,19:06:46,19,Wednesday,February,2
2025-02-05,card,ANON-0000-0000-1182,35.76,Cocoa,20:03:20,20,Wednesday,February,2
2025-02-06,card,ANON-0000-0000-1163,30.86,Americano with Milk,07:16:48,7,Thursday,February,2
2025-02-06,card,ANON-0000-0000-1171,25.96,Americano,13:59:21,13,Thursday,February,2
2025-02-06,card,ANON-0000-0000-1162,30.86,Americano with Milk,14:55:31,14,Thursday,February,2
2025-02-06,card,ANON-0000-0000-1158,35.76,Cappuccino,14:59:22,14,Thursday,February,2
2025-02-06,card,ANON-0000-0000-1163,35.76,Cocoa,16:14:49,16,Thursday,February,2
2025-02-06,card,ANON-0000-0000-1170,35.76,Cocoa,17:09:45,17,Thursday,February,2
2025-02-06,card,ANON-0000-0000-1183,35.76,Cocoa,17:54:25,17,Thursday,February,2
2025-02-06,card,ANON-0000-0000-1158,35.76,Cappuccino,19:53:12,19,Thursday,February,2
2025-02-06,card,ANON-0000-0000-1184,21.06,Espresso,19:55:06,19,Thursday,February,2
2025-02-06,card,ANON-0000-0000-1185,35.76,Cocoa,20:06:59,20,Thursday,February,2
2025-02-06,card,ANON-0000-0000-1186,35.76,Cocoa,20:07:47,20,Thursday,February,2
2025-02-06,card,ANON-0000-0000-1163,35.76,Latte,20:23:13,20,Thursday,February,2
2025-02-07,card,ANON-0000-0000-1152,30.86,Americano with Milk,08:44:49,8,Friday,February,2
2025-02-07,card,ANON-0000-0000-1187,30.86,Americano with Milk,09:07:04,9,Friday,February,2
2025-02-07,card,ANON-0000-0000-1188,25.96,Americano,10:49:23,10,Friday,February,2
2025-02-07,card,ANON-0000-0000-1189,35.76,Cocoa,12:09:38,12,Friday,February,2
2025-02-07,card,ANON-0000-0000-1163,30.86,Americano with Milk,12:51:22,12,Friday,February,2
2025-02-07,card,ANON-0000-0000-1190,25.96,Americano,12:58:51,12,Friday,February,2
2025-02-07,card,ANON-0000-0000-1170,25.96,Cortado,16:04:10,16,Friday,February,2
2025-02-07,card,ANON-0000-0000-1191,35.76,Latte,16:22:13,16,Friday,February,2
2025-02-07,card,ANON-0000-0000-1165,35.76,Hot Chocolate,16:23:14,16,Friday,February,2
2025-02-07,card,ANON-0000-0000-1165,35.76,Latte,16:24:35,16,Friday,February,2
2025-02-07,card,ANON-0000-0000-1178,35.76,Cocoa,18:42:36,18,Friday,February,2
2025-02-07,card,ANON-0000-0000-1179,35.76,Cocoa,18:43:36,18,Friday,February,2
2025-02-07,card,ANON-0000-0000-1192,25.96,Cortado,18:44:30,18,Friday,February,2
2025-02-07,card,ANON-0000-0000-1192,35.76,Cocoa,18:45:23,18,Friday,February,2
2025-02-07,card,ANON-0000-0000-1193,35.76,Cocoa,20:10:59,20,Friday,February,2
2025-02-07,card,ANON-0000-0000-1161,25.96,Cortado,20:30:56,20,Friday,February,2
2025-02-08,card,ANON-0000-0000-1163,25.96,Americano,09:01:42,9,Saturday,February,2
2025-02-08,card,ANON-0000-0000-1153,30.86,Americano with Milk,10:56:17,10,Saturday,February,2
2025-02-08,card,ANON-0000-0000-1194,25.96,Cortado,11:02:41,11,Saturday,February,2
2025-02-08,card,ANON-0000-0000-1195,25.96,Americano,11:39:33,11,Saturday,February,2
2025-02-08,card,ANON-0000-0000-1167,25.96,Americano,12:46:12,12,Saturday,February,2
2025-02-08,card,ANON-0000-0000-1170,25.96,Americano,13:26:47,13,Saturday,February,2
2025-02-08,card,ANON-0000-0000-1110,25.96,Americano,15:07:04,15,Saturday,February,2
2025-02-08,card,ANON-0000-0000-1110,25.96,Americano,15:08:09,15,Saturday,February,2
2025-02-09,card,ANON-0000-0000-1161,35.76,Cocoa,08:49:24,8,Sunday,February,2
2025-02-09,card,ANON-0000-0000-1157,30.86,Americano with Milk,10:31:09,10,Sunday,February,2
2025-02-09,card,ANON-0000-0000-1163,25.96,Americano,10:51:28,10,Sunday,February,2
2025-02-09,card,ANON-0000-0000-1196,35.76,Latte,12:05:05,12,Sunday,February,2
2025-02-09,card,ANON-0000-0000-1189,35.76,Cocoa,15:13:09,15,Sunday,February,2
2025-02-09,card,ANON-0000-0000-1189,35.76,Latte,15:14:02,15,Sunday,February,2
2025-02-09,card,ANON-0000-0000-1178,35.76,Hot Chocolate,15:15:57,15,Sunday,February,2
2025-02-09,card,ANON-0000-0000-1179,35.76,Cocoa,15:16:52,15,Sunday,February,2
2025-02-09,card,ANON-0000-0000-1161,25.96,Cortado,16:20:18,16,Sunday,February,2
2025-02-10,card,ANON-0000-0000-1152,25.96,Americano,07:01:46,7,Monday,February,2
2025-02-10,card,ANON-0000-0000-1110,25.96,Americano,08:16:32,8,Monday,February,2
2025-02-10,card,ANON-0000-0000-1152,25.96,Americano,08:24:56,8,Monday,February,2
2025-02-10,card,ANON-0000-0000-1153,30.86,Americano with Milk,11:11:43,11,Monday,February,2
2025-02-10,card,ANON-0000-0000-1167,25.96,Americano,13:08:50,13,Monday,February,2
2025-02-10,card,ANON-0000-0000-1168,35.76,Cocoa,13:11:05,13,Monday,February,2
2025-02-10,card,ANON-0000-0000-1197,30.86,Americano with Milk,13:26:54,13,Monday,February,2
2025-02-10,card,ANON-0000-0000-1198,25.96,Americano,13:40:13,13,Monday,February,2
2025-02-10,card,ANON-0000-0000-1199,35.76,Latte,14:01:52,14,Monday,February,2
2025-02-10,card,ANON-0000-0000-1163,25.96,Americano,14:07:41,14,Monday,February,2
2025-02-10,card,ANON-0000-0000-1163,35.76,Cocoa,14:11:46,14,Monday,February,2
2025-02-10,card,ANON-0000-0000-1163,35.76,Cocoa,14:15:44,14,Monday,February,2
2025-02-10,card,ANON-0000-0000-1200,35.76,Cappuccino,15:01:54,15,Monday,February,2
2025-02-10,card,ANON-0000-0000-1166,30.86,Americano with Milk,15:14:01,15,Monday,February,2
2025-02-10,card,ANON-0000-0000-1191,35.76,Latte,15:46:02,15,Monday,February,2
2025-02-10,card,ANON-0000-0000-1165,35.76,Hot Chocolate,15:47:44,15,Monday,February,2
2025-02-10,card,ANON-0000-0000-1170,35.76,Cocoa,16:20:55,16,Monday,February,2
2025-02-10,card,ANON-0000-0000-0878,25.96,Americano,17:12:02,17,Monday,February,2
2025-02-10,card,ANON-0000-0000-1157,30.86,Americano with Milk,18:27:14,18,Monday,February,2
2025-02-10,card,ANON-0000-0000-1178,35.76,Latte,19:14:01,19,Monday,February,2
2025-02-10,card,ANON-0000-0000-1201,35.76,Latte,19:14:53,19,Monday,February,2
2025-02-11,card,ANON-0000-0000-1163,25.96,Americano,10:38:26,10,Tuesday,February,2
2025-02-11,card,ANON-0000-0000-1176,25.96,Americano,11:19:15,11,Tuesday,February,2
2025-02-11,card,ANON-0000-0000-1166,30.86,Americano with Milk,11:20:12,11,Tuesday,February,2
2025-02-11,card,ANON-0000-0000-1189,35.76,Cocoa,11:21:08,11,Tuesday,February,2
2025-02-11,card,ANON-0000-0000-1156,35.76,Hot Chocolate,15:56:49,15,Tuesday,February,2
2025-02-11,card,ANON-0000-0000-1194,30.86,Americano with Milk,16:09:08,16,Tuesday,February,2
2025-02-11,card,ANON-0000-0000-1202,21.06,Espresso,16:49:40,16,Tuesday,February,2
2025-02-11,card,ANON-0000-0000-1163,35.76,Latte,17:35:34,17,Tuesday,February,2
2025-02-11,card,ANON-0000-0000-1163,30.86,Americano with Milk,17:36:42,17,Tuesday,February,2
2025-02-11,card,ANON-0000-0000-1203,30.86,Americano with Milk,17:44:12,17,Tuesday,February,2
2025-02-11,card,ANON-0000-0000-1110,25.96,Americano,17:50:40,17,Tuesday,February,2
2025-02-11,card,ANON-0000-0000-1203,30.86,Americano with Milk,17:54:37,17,Tuesday,February,2
2025-02-11,card,ANON-0000-0000-1204,35.76,Latte,19:04:11,19,Tuesday,February,2
2025-02-11,card,ANON-0000-0000-1204,35.76,Cocoa,19:05:03,19,Tuesday,February,2
2025-02-12,card,ANON-0000-0000-1200,35.76,Cappuccino,07:16:57,7,Wednesday,February,2
2025-02-12,card,ANON-0000-0000-1163,25.96,Americano,07:35:37,7,Wednesday,February,2
2025-02-12,card,ANON-0000-0000-1163,35.76,Cocoa,08:54:35,8,Wednesday,February,2
2025-02-12,card,ANON-0000-0000-1153,30.86,Americano with Milk,09:19:45,9,Wednesday,February,2
2025-02-12,card,ANON-0000-0000-1188,25.96,Americano,10:43:13,10,Wednesday,February,2
2025-02-12,card,ANON-0000-0000-1205,25.96,Americano,12:43:29,12,Wednesday,February,2
2025-02-12,card,ANON-0000-0000-1206,25.96,Americano,13:08:09,13,Wednesday,February,2
2025-02-12,card,ANON-0000-0000-1160,35.76,Hot Chocolate,13:41:39,13,Wednesday,February,2
2025-02-12,card,ANON-0000-0000-1164,35.76,Hot Chocolate,15:41:24,15,Wednesday,February,2
2025-02-12,card,ANON-0000-0000-1191,35.76,Latte,15:42:16,15,Wednesday,February,2
2025-02-12,card,ANON-0000-0000-1165,35.76,Hot Chocolate,15:43:34,15,Wednesday,February,2
2025-02-12,card,ANON-0000-0000-1160,25.96,Americano,16:12:58,16,Wednesday,February,2
2025-02-12,card,ANON-0000-0000-1160,25.96,Americano,16:26:08,16,Wednesday,February,2
2025-02-12,card,ANON-0000-0000-1200,35.76,Cappuccino,17:05:31,17,Wednesday,February,2
2025-02-12,card,ANON-0000-0000-1110,25.96,Americano,17:42:51,17,Wednesday,February,2
2025-02-12,card,ANON-0000-0000-0507,35.76,Latte,20:05:40,20,Wednesday,February,2
2025-02-12,card,ANON-0000-0000-1178,35.76,Cocoa,20:23:13,20,Wednesday,February,2
2025-02-12,card,ANON-0000-0000-1158,35.76,Cappuccino,21:17:04,21,Wednesday,February,2
2025-02-13,card,ANON-0000-0000-1153,30.86,Americano with Milk,07:38:47,7,Thursday,February,2
2025-02-13,card,ANON-0000-0000-1152,25.96,Americano,08:45:57,8,Thursday,February,2
2025-02-13,card,ANON-0000-0000-1207,21.06,Espresso,09:17:21,9,Thursday,February,2
2025-02-13,card,ANON-0000-0000-1168,35.76,Cocoa,09:36:05,9,Thursday,February,2
2025-02-13,card,ANON-0000-0000-1156,30.86,Americano with Milk,10:29:32,10,Thursday,February,2
2025-02-13,card,ANON-0000-0000-1157,30.86,Americano with Milk,10:59:27,10,Thursday,February,2
2025-02-13,card,ANON-0000-0000-1163,25.96,Americano,16:30:39,16,Thursday,February,2
2025-02-13,card,ANON-0000-0000-1163,25.96,Americano,16:31:33,16,Thursday,February,2
2025-02-13,card,ANON-0000-0000-1178,30.86,Americano with Milk,17:16:11,17,Thursday,February,2
2025-02-13,card,ANON-0000-0000-1179,30.86,Americano with Milk,17:17:20,17,Thursday,February,2
2025-02-13,card,ANON-0000-0000-1208,35.76,Latte,18:01:35,18,Thursday,February,2
2025-02-13,card,ANON-0000-0000-0046,35.76,Cappuccino,18:15:08,18,Thursday,February,2
2025-02-13,card,ANON-0000-0000-1209,35.76,Latte,19:06:30,19,Thursday,February,2
2025-02-14,card,ANON-0000-0000-1163,25.96,Americano,11:38:55,11,Friday,February,2
2025-02-14,card,ANON-0000-0000-1210,35.76,Hot Chocolate,14:07:09,14,Friday,February,2
2025-02-14,card,ANON-0000-0000-1198,25.96,Americano,14:45:59,14,Friday,February,2
2025-02-14,card,ANON-0000-0000-1198,21.06,Espresso,14:46:45,14,Friday,February,2
2025-02-14,card,ANON-0000-0000-1211,30.86,Americano with Milk,14:58:12,14,Friday,February,2
2025-02-14,card,ANON-0000-0000-1200,35.76,Cappuccino,15:00:16,15,Friday,February,2
2025-02-14,card,ANON-0000-0000-0507,35.76,Cappuccino,15:36:40,15,Friday,February,2
2025-02-14,card,ANON-0000-0000-0507,35.76,Latte,15:38:47,15,Friday,February,2
2025-02-14,card,ANON-0000-0000-1212,35.76,Hot Chocolate,15:53:56,15,Friday,February,2
2025-02-14,card,ANON-0000-0000-1212,35.76,Cappuccino,15:54:57,15,Friday,February,2
2025-02-14,card,ANON-0000-0000-1160,25.96,Americano,17:03:16,17,Friday,February,2
2025-02-14,card,ANON-0000-0000-1160,35.76,Cocoa,17:04:29,17,Friday,February,2
2025-02-14,card,ANON-0000-0000-1202,21.06,Espresso,17:09:07,17,Friday,February,2
2025-02-14,card,ANON-0000-0000-1213,30.86,Americano with Milk,17:25:24,17,Friday,February,2
2025-02-14,card,ANON-0000-0000-1214,25.96,Americano,21:18:29,21,Friday,February,2
2025-02-15,card,ANON-0000-0000-1200,35.76,Cappuccino,09:22:51,9,Saturday,February,2
2025-02-15,card,ANON-0000-0000-1163,35.76,Cappuccino,12:41:53,12,Saturday,February,2
2025-02-15,card,ANON-0000-0000-1163,25.96,Americano,12:44:26,12,Saturday,February,2
2025-02-15,card,ANON-0000-0000-0878,30.86,Americano with Milk,13:02:19,13,Saturday,February,2
2025-02-15,card,ANON-0000-0000-1200,30.86,Americano with Milk,13:32:05,13,Saturday,February,2
2025-02-15,card,ANON-0000-0000-1184,35.76,Cappuccino,14:01:51,14,Saturday,February,2
2025-02-15,card,ANON-0000-0000-1215,25.96,Americano,14:11:53,14,Saturday,February,2
2025-02-15,card,ANON-0000-0000-1201,35.76,Hot Chocolate,15:40:07,15,Saturday,February,2
2025-02-15,card,ANON-0000-0000-1179,35.76,Hot Chocolate,15:40:59,15,Saturday,February,2
2025-02-16,card,ANON-0000-0000-1216,25.96,Americano,10:46:43,10,Sunday,February,2
2025-02-16,card,ANON-0000-0000-1169,25.96,Americano,10:50:00,10,Sunday,February,2
2025-02-16,card,ANON-0000-0000-1169,30.86,Americano with Milk,10:51:03,10,Sunday,February,2
2025-02-16,card,ANON-0000-0000-1156,35.76,Hot Chocolate,11:04:47,11,Sunday,February,2
2025-02-16,card,ANON-0000-0000-1160,25.96,Americano,11:32:29,11,Sunday,February,2
2025-02-16,card,ANON-0000-0000-1196,35.76,Hot Chocolate,14:15:37,14,Sunday,February,2
2025-02-16,card,ANON-0000-0000-1196,35.76,Latte,14:16:41,14,Sunday,February,2
2025-02-16,card,ANON-0000-0000-1163,35.76,Hot Chocolate,17:12:27,17,Sunday,February,2
2025-02-16,card,ANON-0000-0000-1163,30.86,Americano with Milk,17:13:32,17,Sunday,February,2
2025-02-16,card,ANON-0000-0000-1217,30.86,Americano with Milk,17:44:32,17,Sunday,February,2
2025-02-17,card,ANON-0000-0000-1200,35.76,Cappuccino,06:50:04,6,Monday,February,2
2025-02-17,card,ANON-0000-0000-1163,25.96,Americano,08:53:13,8,Monday,February,2
2025-02-17,card,ANON-0000-0000-1160,25.96,Americano,09:00:55,9,Monday,February,2
2025-02-17,card,ANON-0000-0000-1218,30.86,Americano with Milk,09:28:06,9,Monday,February,2
2025-02-17,card,ANON-0000-0000-1210,35.76,Hot Chocolate,09:56:59,9,Monday,February,2
2025-02-17,card,ANON-0000-0000-1219,30.86,Americano with Milk,10:20:12,10,Monday,February,2
2025-02-17,card,ANON-0000-0000-1160,25.96,Americano,10:44:48,10,Monday,February,2
2025-02-17,card,ANON-0000-0000-1203,30.86,Americano with Milk,11:53:58,11,Monday,February,2
2025-02-17,card,ANON-0000-0000-1202,21.06,Espresso,11:55:02,11,Monday,February,2
2025-02-17,card,ANON-0000-0000-1220,35.76,Cappuccino,12:48:58,12,Monday,February,2
2025-02-17,card,ANON-0000-0000-1221,35.76,Latte,14:23:01,14,Monday,February,2
2025-02-17,card,ANON-0000-0000-1194,30.86,Americano with Milk,15:05:41,15,Monday,February,2
2025-02-17,card,ANON-0000-0000-1191,35.76,Latte,15:33:19,15,Monday,February,2
2025-02-17,card,ANON-0000-0000-1218,21.06,Espresso,16:19:06,16,Monday,February,2
2025-02-17,card,ANON-0000-0000-1170,25.96,Americano,16:22:42,16,Monday,February,2
2025-02-17,card,ANON-0000-0000-1222,30.86,Americano with Milk,17:31:14,17,Monday,February,2
2025-02-17,card,ANON-0000-0000-1206,25.96,Americano,18:23:52,18,Monday,February,2
2025-02-17,card,ANON-0000-0000-1223,25.96,Americano,19:13:51,19,Monday,February,2
2025-02-17,card,ANON-0000-0000-1223,25.96,Americano,19:15:00,19,Monday,February,2
2025-02-17,card,ANON-0000-0000-1192,35.76,Latte,20:18:17,20,Monday,February,2
2025-02-18,card,ANON-0000-0000-1163,25.96,Americano,08:53:08,8,Tuesday,February,2
2025-02-18,card,ANON-0000-0000-1163,25.96,Americano,08:54:14,8,Tuesday,February,2
2025-02-18,card,ANON-0000-0000-1110,25.96,Americano,11:07:35,11,Tuesday,February,2
2025-02-18,card,ANON-0000-0000-1198,25.96,Americano,11:30:06,11,Tuesday,February,2
2025-02-18,card,ANON-0000-0000-1203,30.86,Americano with Milk,11:38:23,11,Tuesday,February,2
2025-02-18,card,ANON-0000-0000-1218,30.86,Americano with Milk,12:15:26,12,Tuesday,February,2
2025-02-18,card,ANON-0000-0000-1224,35.76,Cocoa,13:04:27,13,Tuesday,February,2
2025-02-18,card,ANON-0000-0000-1215,25.96,Americano,13:25:45,13,Tuesday,February,2
2025-02-18,card,ANON-0000-0000-1222,30.86,Americano with Milk,13:27:05,13,Tuesday,February,2
2025-02-18,card,ANON-0000-0000-1210,35.76,Hot Chocolate,17:05:28,17,Tuesday,February,2
2025-02-18,card,ANON-0000-0000-1225,30.86,Americano with Milk,17:08:19,17,Tuesday,February,2
2025-02-18,card,ANON-0000-0000-1225,21.06,Espresso,17:09:17,17,Tuesday,February,2
2025-02-18,card,ANON-0000-0000-1225,35.76,Cocoa,17:10:22,17,Tuesday,February,2
2025-02-18,card,ANON-0000-0000-1225,35.76,Cocoa,17:11:35,17,Tuesday,February,2
2025-02-18,card,ANON-0000-0000-1226,35.76,Cocoa,19:36:27,19,Tuesday,February,2
2025-02-18,card,ANON-0000-0000-1185,35.76,Cocoa,20:06:56,20,Tuesday,February,2
2025-02-18,card,ANON-0000-0000-1212,35.76,Hot Chocolate,20:58:12,20,Tuesday,February,2
2025-02-18,card,ANON-0000-0000-1222,30.86,Americano with Milk,21:01:59,21,Tuesday,February,2
2025-02-19,card,ANON-0000-0000-1161,35.76,Cappuccino,08:08:52,8,Wednesday,February,2
2025-02-19,card,ANON-0000-0000-1152,25.96,Americano,08:09:54,8,Wednesday,February,2
2025-02-19,card,ANON-0000-0000-1170,25.96,Americano,08:47:32,8,Wednesday,February,2
2025-02-19,card,ANON-0000-0000-1220,35.76,Cappuccino,09:24:31,9,Wednesday,February,2
2025-02-19,card,ANON-0000-0000-1167,25.96,Americano,10:09:51,10,Wednesday,February,2
2025-02-19,card,ANON-0000-0000-1227,35.76,Hot Chocolate,10:19:01,10,Wednesday,February,2
2025-02-19,card,ANON-0000-0000-1207,30.86,Americano with Milk,10:40:51,10,Wednesday,February,2
2025-02-19,card,ANON-0000-0000-1198,25.96,Americano,12:45:06,12,Wednesday,February,2
2025-02-19,card,ANON-0000-0000-1168,35.76,Cocoa,12:46:03,12,Wednesday,February,2
2025-02-19,card,ANON-0000-0000-1171,25.96,Americano,13:06:54,13,Wednesday,February,2
2025-02-19,card,ANON-0000-0000-1158,35.76,Cappuccino,15:50:42,15,Wednesday,February,2
2025-02-19,card,ANON-0000-0000-1110,25.96,Americano,17:04:00,17,Wednesday,February,2
2025-02-19,card,ANON-0000-0000-1158,35.76,Cappuccino,17:34:49,17,Wednesday,February,2
2025-02-19,card,ANON-0000-0000-1217,30.86,Americano with Milk,17:57:52,17,Wednesday,February,2
2025-02-19,card,ANON-0000-0000-1228,35.76,Cappuccino,18:35:38,18,Wednesday,February,2
2025-02-19,card,ANON-0000-0000-1229,35.76,Latte,19:01:33,19,Wednesday,February,2
2025-02-19,card,ANON-0000-0000-1179,35.76,Cocoa,19:11:49,19,Wednesday,February,2
2025-02-19,card,ANON-0000-0000-1179,35.76,Hot Chocolate,19:12:42,19,Wednesday,February,2
2025-02-19,card,ANON-0000-0000-1191,35.76,Latte,19:26:22,19,Wednesday,February,2
2025-02-19,card,ANON-0000-0000-1182,35.76,Cocoa,20:05:28,20,Wednesday,February,2
2025-02-20,card,ANON-0000-0000-1161,35.76,Cappuccino,07:56:24,7,Thursday,February,2
2025-02-20,card,ANON-0000-0000-1167,25.96,Americano,09:17:53,9,Thursday,February,2
2025-02-20,card,ANON-0000-0000-1163,35.76,Cappuccino,10:16:40,10,Thursday,February,2
2025-02-20,card,ANON-0000-0000-1163,25.96,Americano,10:17:38,10,Thursday,February,2
2025-02-20,card,ANON-0000-0000-1167,25.96,Americano,10:20:24,10,Thursday,February,2
2025-02-20,card,ANON-0000-0000-1198,25.96,Americano,10:24:23,10,Thursday,February,2
2025-02-20,card,ANON-0000-0000-1203,30.86,Americano with Milk,13:02:19,13,Thursday,February,2
2025-02-20,card,ANON-0000-0000-1196,35.76,Latte,14:20:33,14,Thursday,February,2
2025-02-20,card,ANON-0000-0000-1163,25.96,Americano,14:37:59,14,Thursday,February,2
2025-02-20,card,ANON-0000-0000-1163,25.96,Americano,14:38:49,14,Thursday,February,2
2025-02-20,card,ANON-0000-0000-1230,21.06,Espresso,15:19:45,15,Thursday,February,2
2025-02-20,card,ANON-0000-0000-1156,35.76,Cappuccino,16:05:49,16,Thursday,February,2
2025-02-20,card,ANON-0000-0000-1231,35.76,Cappuccino,16:59:06,16,Thursday,February,2
2025-02-20,card,ANON-0000-0000-1231,35.76,Hot Chocolate,17:00:36,17,Thursday,February,2
2025-02-20,card,ANON-0000-0000-1163,25.96,Americano,17:07:27,17,Thursday,February,2
2025-02-20,card,ANON-0000-0000-1232,25.96,Americano,18:57:34,18,Thursday,February,2
2025-02-20,card,ANON-0000-0000-1233,35.76,Hot Chocolate,19:01:51,19,Thursday,February,2
2025-02-20,card,ANON-0000-0000-1234,35.76,Cocoa,19:07:25,19,Thursday,February,2
2025-02-20,card,ANON-0000-0000-1169,35.76,Latte,20:07:03,20,Thursday,February,2
2025-02-21,card,ANON-0000-0000-1163,25.96,Americano,06:59:08,6,Friday,February,2
2025-02-21,card,ANON-0000-0000-1235,35.76,Latte,09:41:29,9,Friday,February,2
2025-02-21,card,ANON-0000-0000-1236,35.76,Cappuccino,09:49:20,9,Friday,February,2
2025-02-21,card,ANON-0000-0000-1237,21.06,Espresso,09:51:12,9,Friday,February,2
2025-02-21,card,ANON-0000-0000-1232,25.96,Americano,10:18:10,10,Friday,February,2
2025-02-21,card,ANON-0000-0000-1163,30.86,Americano with Milk,11:10:07,11,Friday,February,2
2025-02-21,card,ANON-0000-0000-1110,25.96,Americano,12:04:49,12,Friday,February,2
2025-02-21,card,ANON-0000-0000-1238,25.96,Americano,12:07:42,12,Friday,February,2
2025-02-21,card,ANON-0000-0000-1198,25.96,Americano,12:56:17,12,Friday,February,2
2025-02-21,card,ANON-0000-0000-1167,25.96,Americano,12:57:02,12,Friday,February,2
2025-02-21,card,ANON-0000-0000-1203,25.96,Americano,13:06:42,13,Friday,February,2
2025-02-21,card,ANON-0000-0000-1203,25.96,Americano,14:17:54,14,Friday,February,2
2025-02-21,card,ANON-0000-0000-1161,35.76,Cappuccino,15:18:31,15,Friday,February,2
2025-02-21,card,ANON-0000-0000-1163,25.96,Americano,15:45:54,15,Friday,February,2
2025-02-21,card,ANON-0000-0000-1163,25.96,Americano,15:46:48,15,Friday,February,2
2025-02-21,card,ANON-0000-0000-1203,25.96,Americano,15:52:48,15,Friday,February,2
2025-02-21,card,ANON-0000-0000-1239,35.76,Cocoa,16:10:06,16,Friday,February,2
2025-02-21,card,ANON-0000-0000-1191,35.76,Latte,16:46:58,16,Friday,February,2
2025-02-21,card,ANON-0000-0000-1165,35.76,Hot Chocolate,16:48:58,16,Friday,February,2
2025-02-21,card,ANON-0000-0000-1165,35.76,Latte,16:50:13,16,Friday,February,2
2025-02-21,card,ANON-0000-0000-1178,35.76,Cocoa,19:08:18,19,Friday,February,2
2025-02-21,card,ANON-0000-0000-1178,35.76,Cocoa,19:09:09,19,Friday,February,2
2025-02-21,card,ANON-0000-0000-1184,35.76,Cappuccino,19:59:24,19,Friday,February,2
2025-02-22,card,ANON-0000-0000-1240,35.76,Hot Chocolate,10:52:18,10,Saturday,February,2
2025-02-22,card,ANON-0000-0000-1241,25.96,Americano,11:28:30,11,Saturday,February,2
2025-02-22,card,ANON-0000-0000-1190,25.96,Americano,11:41:12,11,Saturday,February,2
2025-02-22,card,ANON-0000-0000-0095,21.06,Espresso,12:59:41,12,Saturday,February,2
2025-02-22,card,ANON-0000-0000-1162,30.86,Americano with Milk,15:03:03,15,Saturday,February,2
2025-02-23,card,ANON-0000-0000-1156,30.86,Americano with Milk,10:33:11,10,Sunday,February,2
2025-02-23,card,ANON-0000-0000-1163,30.86,Americano with Milk,12:52:26,12,Sunday,February,2
2025-02-23,card,ANON-0000-0000-1163,30.86,Americano with Milk,12:54:06,12,Sunday,February,2
2025-02-23,card,ANON-0000-0000-1242,35.76,Cappuccino,13:50:21,13,Sunday,February,2
2025-02-23,card,ANON-0000-0000-1156,35.76,Cocoa,14:02:03,14,Sunday,February,2
2025-02-23,card,ANON-0000-0000-1243,25.96,Americano,17:27:44,17,Sunday,February,2
2025-02-24,card,ANON-0000-0000-1220,30.86,Americano with Milk,09:14:53,9,Monday,February,2
2025-02-24,card,ANON-0000-0000-1244,35.76,Latte,09:45:10,9,Monday,February,2
2025-02-24,card,ANON-0000-0000-1163,25.96,Americano,10:02:48,10,Monday,February,2
2025-02-24,card,ANON-0000-0000-1245,30.86,Americano with Milk,10:09:12,10,Monday,February,2
2025-02-24,card,ANON-0000-0000-1245,30.86,Americano with Milk,10:10:21,10,Monday,February,2
2025-02-24,card,ANON-0000-0000-1244,35.76,Cocoa,10:47:47,10,Monday,February,2
2025-02-24,card,ANON-0000-0000-1191,35.76,Latte,12:58:41,12,Monday,February,2
2025-02-24,card,ANON-0000-0000-1191,35.76,Cocoa,13:00:01,13,Monday,February,2
2025-02-24,card,ANON-0000-0000-1163,30.86,Americano with Milk,15:40:01,15,Monday,February,2
2025-02-24,card,ANON-0000-0000-1246,35.76,Cocoa,16:00:06,16,Monday,February,2
2025-02-24,card,ANON-0000-0000-1184,35.76,Cappuccino,16:10:23,16,Monday,February,2
2025-02-24,card,ANON-0000-0000-1177,35.76,Latte,16:28:52,16,Monday,February,2
2025-02-24,card,ANON-0000-0000-1170,25.96,Americano,16:59:38,16,Monday,February,2
2025-02-24,card,ANON-0000-0000-1170,25.96,Americano,17:00:44,17,Monday,February,2
2025-02-24,card,ANON-0000-0000-1222,30.86,Americano with Milk,17:37:38,17,Monday,February,2
2025-02-24,card,ANON-0000-0000-1162,30.86,Americano with Milk,18:07:01,18,Monday,February,2
2025-02-24,card,ANON-0000-0000-1191,35.76,Latte,18:21:57,18,Monday,February,2
2025-02-24,card,ANON-0000-0000-0878,30.86,Americano with Milk,19:04:34,19,Monday,February,2
2025-02-24,card,ANON-0000-0000-1179,35.76,Hot Chocolate,19:24:10,19,Monday,February,2
2025-02-24,card,ANON-0000-0000-1247,35.76,Latte,19:24:54,19,Monday,February,2
2025-02-24,card,ANON-0000-0000-1179,35.76,Cocoa,19:26:14,19,Monday,February,2
2025-02-24,card,ANON-0000-0000-1156,35.76,Cocoa,20:14:51,20,Monday,February,2
2025-02-25,card,ANON-0000-0000-1153,30.86,Americano with Milk,08:00:39,8,Tuesday,February,2
2025-02-25,card,ANON-0000-0000-1152,25.96,Americano,08:49:21,8,Tuesday,February,2
2025-02-25,card,ANON-0000-0000-1152,30.86,Americano with Milk,08:50:14,8,Tuesday,February,2
2025-02-25,card,ANON-0000-0000-1237,21.06,Espresso,10:02:44,10,Tuesday,February,2
2025-02-25,card,ANON-0000-0000-1170,25.96,Americano,11:03:33,11,Tuesday,February,2
2025-02-25,card,ANON-0000-0000-1152,25.96,Americano,11:04:26,11,Tuesday,February,2
2025-02-25,card,ANON-0000-0000-1184,35.76,Cappuccino,12:20:41,12,Tuesday,February,2
2025-02-25,card,ANON-0000-0000-1161,35.76,Cappuccino,14:14:18,14,Tuesday,February,2
2025-02-25,card,ANON-0000-0000-0019,25.96,Americano,16:49:37,16,Tuesday,February,2
2025-02-25,card,ANON-0000-0000-0019,25.96,Americano,16:50:35,16,Tuesday,February,2
2025-02-25,card,ANON-0000-0000-1234,35.76,Cocoa,18:19:09,18,Tuesday,February,2
2025-02-25,card,ANON-0000-0000-1152,35.76,Cappuccino,19:32:40,19,Tuesday,February,2
2025-02-26,card,ANON-0000-0000-1170,25.96,Americano,08:57:37,8,Wednesday,February,2
2025-02-26,card,ANON-0000-0000-1248,30.86,Americano with Milk,10:11:27,10,Wednesday,February,2
2025-02-26,card,ANON-0000-0000-1248,30.86,Americano with Milk,10:12:25,10,Wednesday,February,2
2025-02-26,card,ANON-0000-0000-1155,35.76,Hot Chocolate,10:16:57,10,Wednesday,February,2
2025-02-26,card,ANON-0000-0000-1168,35.76,Cocoa,13:13:26,13,Wednesday,February,2
2025-02-26,card,ANON-0000-0000-1191,35.76,Latte,13:31:23,13,Wednesday,February,2
2025-02-26,card,ANON-0000-0000-1110,25.96,Americano,15:01:58,15,Wednesday,February,2
2025-02-26,card,ANON-0000-0000-1249,25.96,Americano,15:14:47,15,Wednesday,February,2
2025-02-26,card,ANON-0000-0000-1247,25.96,Cortado,15:17:24,15,Wednesday,February,2
2025-02-26,card,ANON-0000-0000-1250,35.76,Hot Chocolate,15:20:02,15,Wednesday,February,2
2025-02-26,card,ANON-0000-0000-1250,25.96,Americano,15:20:48,15,Wednesday,February,2
2025-02-26,card,ANON-0000-0000-1190,25.96,Americano,15:28:45,15,Wednesday,February,2
2025-02-26,card,ANON-0000-0000-1164,35.76,Latte,16:20:46,16,Wednesday,February,2
2025-02-26,card,ANON-0000-0000-1165,35.76,Hot Chocolate,16:55:13,16,Wednesday,February,2
2025-02-26,card,ANON-0000-0000-1191,35.76,Latte,16:55:59,16,Wednesday,February,2
2025-02-26,card,ANON-0000-0000-1166,30.86,Americano with Milk,17:22:44,17,Wednesday,February,2
2025-02-26,card,ANON-0000-0000-1163,35.76,Latte,18:11:24,18,Wednesday,February,2
2025-02-26,card,ANON-0000-0000-1163,35.76,Cappuccino,18:13:50,18,Wednesday,February,2
2025-02-27,card,ANON-0000-0000-1163,35.76,Cappuccino,07:19:00,7,Thursday,February,2
2025-02-27,card,ANON-0000-0000-1161,35.76,Cappuccino,07:21:00,7,Thursday,February,2
2025-02-27,card,ANON-0000-0000-1237,21.06,Espresso,10:52:29,10,Thursday,February,2
2025-02-27,card,ANON-0000-0000-1168,35.76,Cocoa,11:08:16,11,Thursday,February,2
2025-02-27,card,ANON-0000-0000-1251,35.76,Cocoa,12:48:15,12,Thursday,February,2
2025-02-27,card,ANON-0000-0000-1252,30.86,Americano with Milk,13:29:48,13,Thursday,February,2
2025-02-27,card,ANON-0000-0000-1163,25.96,Americano,14:23:16,14,Thursday,February,2
2025-02-27,card,ANON-0000-0000-1253,35.76,Latte,14:43:19,14,Thursday,February,2
2025-02-27,card,ANON-0000-0000-1170,25.96,Americano,15:47:50,15,Thursday,February,2
2025-02-27,card,ANON-0000-0000-1170,25.96,Americano,16:28:28,16,Thursday,February,2
2025-02-27,card,ANON-0000-0000-1190,25.96,Americano,17:12:55,17,Thursday,February,2
2025-02-27,card,ANON-0000-0000-1170,25.96,Americano,17:23:10,17,Thursday,February,2
2025-02-27,card,ANON-0000-0000-1254,35.76,Latte,17:53:13,17,Thursday,February,2
2025-02-27,card,ANON-0000-0000-1208,35.76,Latte,18:17:28,18,Thursday,February,2
2025-02-27,card,ANON-0000-0000-1184,35.76,Cappuccino,18:38:40,18,Thursday,February,2
2025-02-27,card,ANON-0000-0000-1179,35.76,Cocoa,18:40:01,18,Thursday,February,2
2025-02-27,card,ANON-0000-0000-1179,35.76,Cocoa,18:40:52,18,Thursday,February,2
2025-02-27,card,ANON-0000-0000-1215,35.76,Latte,19:14:15,19,Thursday,February,2
2025-02-27,card,ANON-0000-0000-0046,35.76,Cappuccino,20:02:07,20,Thursday,February,2
2025-02-28,card,ANON-0000-0000-1163,30.86,Americano with Milk,06:52:45,6,Friday,February,2
2025-02-28,card,ANON-0000-0000-1163,30.86,Americano with Milk,06:54:59,6,Friday,February,2
2025-02-28,card,ANON-0000-0000-1161,35.76,Cappuccino,07:18:36,7,Friday,February,2
2025-02-28,card,ANON-0000-0000-1255,21.06,Espresso,08:09:57,8,Friday,February,2
2025-02-28,card,ANON-0000-0000-1162,30.86,Americano with Milk,09:02:38,9,Friday,February,2
2025-02-28,card,ANON-0000-0000-1110,25.96,Americano,14:44:28,14,Friday,February,2
2025-02-28,card,ANON-0000-0000-1110,25.96,Americano,14:45:22,14,Friday,February,2
2025-02-28,card,ANON-0000-0000-1163,25.96,Americano,14:47:52,14,Friday,February,2
2025-02-28,card,ANON-0000-0000-1191,35.76,Latte,14:52:02,14,Friday,February,2
2025-02-28,card,ANON-0000-0000-1110,25.96,Americano,15:19:18,15,Friday,February,2
2025-02-28,card,ANON-0000-0000-1156,35.76,Cocoa,16:22:27,16,Friday,February,2
2025-02-28,card,ANON-0000-0000-1170,25.96,Americano,16:30:06,16,Friday,February,2
2025-02-28,card,ANON-0000-0000-1191,35.76,Latte,17:21:00,17,Friday,February,2
2025-02-28,card,ANON-0000-0000-1256,30.86,Americano with Milk,17:31:04,17,Friday,February,2
2025-02-28,card,ANON-0000-0000-1170,25.96,Americano,17:32:16,17,Friday,February,2
2025-02-28,card,ANON-0000-0000-1190,25.96,Americano,17:33:49,17,Friday,February,2
2025-02-28,card,ANON-0000-0000-1257,35.76,Latte,18:53:49,18,Friday,February,2
2025-03-01,card,ANON-0000-0000-1184,35.76,Cappuccino,10:31:45,10,Saturday,March,3
2025-03-01,card,ANON-0000-0000-1190,25.96,Americano,11:24:04,11,Saturday,March,3
2025-03-01,card,ANON-0000-0000-1198,25.96,Americano,11:27:58,11,Saturday,March,3
2025-03-01,card,ANON-0000-0000-1254,35.76,Latte,14:43:23,14,Saturday,March,3
2025-03-01,card,ANON-0000-0000-1152,25.96,Americano,15:02:31,15,Saturday,March,3
2025-03-01,card,ANON-0000-0000-1157,30.86,Americano with Milk,15:08:20,15,Saturday,March,3
2025-03-01,card,ANON-0000-0000-1184,35.76,Cappuccino,16:42:13,16,Saturday,March,3
2025-03-01,card,ANON-0000-0000-1258,25.96,Americano,17:08:33,17,Saturday,March,3
2025-03-02,card,ANON-0000-0000-1163,35.76,Cocoa,09:58:15,9,Sunday,March,3
2025-03-02,card,ANON-0000-0000-1189,35.76,Latte,12:17:36,12,Sunday,March,3
2025-03-02,card,ANON-0000-0000-1217,30.86,Americano with Milk,13:36:19,13,Sunday,March,3
2025-03-02,card,ANON-0000-0000-1152,30.86,Americano with Milk,15:22:17,15,Sunday,March,3
2025-03-02,card,ANON-0000-0000-1152,25.96,Americano,15:23:15,15,Sunday,March,3
2025-03-02,card,ANON-0000-0000-1190,25.96,Americano,15:24:45,15,Sunday,March,3
2025-03-03,card,ANON-0000-0000-1161,35.76,Cappuccino,08:24:01,8,Monday,March,3
2025-03-03,card,ANON-0000-0000-1244,35.76,Cocoa,09:46:51,9,Monday,March,3
2025-03-03,card,ANON-0000-0000-1244,35.76,Latte,09:48:39,9,Monday,March,3
2025-03-03,card,ANON-0000-0000-1227,35.76,Hot Chocolate,10:21:24,10,Monday,March,3
2025-03-03,card,ANON-0000-0000-1259,35.76,Hot Chocolate,10:24:46,10,Monday,March,3
2025-03-03,card,ANON-0000-0000-1184,35.76,Cappuccino,12:58:08,12,Monday,March,3
2025-03-03,card,ANON-0000-0000-1191,35.76,Latte,15:11:01,15,Monday,March,3
2025-03-03,card,ANON-0000-0000-1167,25.96,Americano,15:47:58,15,Monday,March,3
2025-03-03,card,ANON-0000-0000-1196,35.76,Cocoa,16:14:50,16,Monday,March,3
2025-03-03,card,ANON-0000-0000-1191,35.76,Latte,16:16:35,16,Monday,March,3
2025-03-03,card,ANON-0000-0000-1164,35.76,Latte,16:18:27,16,Monday,March,3
2025-03-03,card,ANON-0000-0000-1158,35.76,Cappuccino,16:40:29,16,Monday,March,3
2025-03-03,card,ANON-0000-0000-1158,35.76,Cappuccino,16:42:22,16,Monday,March,3
2025-03-03,card,ANON-0000-0000-1170,25.96,Americano,16:52:11,16,Monday,March,3
2025-03-03,card,ANON-0000-0000-1256,30.86,Americano with Milk,17:28:42,17,Monday,March,3
2025-03-03,card,ANON-0000-0000-1198,25.96,Americano,17:31:22,17,Monday,March,3
2025-03-03,card,ANON-0000-0000-1198,35.76,Hot Chocolate,17:32:18,17,Monday,March,3
2025-03-03,card,ANON-0000-0000-1198,25.96,Americano,17:32:58,17,Monday,March,3
2025-03-03,card,ANON-0000-0000-1179,35.76,Hot Chocolate,17:57:32,17,Monday,March,3
2025-03-03,card,ANON-0000-0000-1178,35.76,Hot Chocolate,17:58:27,17,Monday,March,3
2025-03-03,card,ANON-0000-0000-1162,30.86,Americano with Milk,18:03:05,18,Monday,March,3
2025-03-03,card,ANON-0000-0000-1257,35.76,Latte,18:46:52,18,Monday,March,3
2025-03-04,card,ANON-0000-0000-1161,35.76,Cappuccino,07:19:21,7,Tuesday,March,3
2025-03-04,card,ANON-0000-0000-1163,25.96,Americano,07:31:55,7,Tuesday,March,3
2025-03-04,card,ANON-0000-0000-1187,30.86,Americano with Milk,08:51:45,8,Tuesday,March,3
2025-03-04,card,ANON-0000-0000-1163,25.96,Americano,09:09:31,9,Tuesday,March,3
2025-03-04,card,ANON-0000-0000-1163,25.96,Americano,09:10:22,9,Tuesday,March,3
2025-03-04,card,ANON-0000-0000-1260,25.96,Americano,09:58:37,9,Tuesday,March,3
2025-03-04,card,ANON-0000-0000-1222,30.86,Americano with Milk,11:04:01,11,Tuesday,March,3
2025-03-04,card,ANON-0000-0000-1176,25.96,Americano,11:05:06,11,Tuesday,March,3
2025-03-04,card,ANON-0000-0000-1167,25.96,Americano,11:46:41,11,Tuesday,March,3
2025-03-04,card,ANON-0000-0000-1167,25.96,Americano,11:47:24,11,Tuesday,March,3
2025-03-04,card,ANON-0000-0000-1110,25.96,Americano,11:51:34,11,Tuesday,March,3
2025-03-04,card,ANON-0000-0000-1189,35.76,Cocoa,12:25:59,12,Tuesday,March,3
2025-03-04,card,ANON-0000-0000-1167,25.96,Americano,16:48:58,16,Tuesday,March,3
2025-03-04,card,ANON-0000-0000-1234,35.76,Cocoa,18:43:21,18,Tuesday,March,3
2025-03-04,card,ANON-0000-0000-1174,35.76,Latte,19:10:09,19,Tuesday,March,3
2025-03-04,card,ANON-0000-0000-1246,35.76,Latte,20:09:00,20,Tuesday,March,3
2025-03-05,card,ANON-0000-0000-1163,30.86,Americano with Milk,08:39:51,8,Wednesday,March,3
2025-03-05,card,ANON-0000-0000-1167,25.96,Americano,09:38:24,9,Wednesday,March,3
2025-03-05,card,ANON-0000-0000-1198,25.96,Americano,10:01:14,10,Wednesday,March,3
2025-03-05,card,ANON-0000-0000-1198,25.96,Americano,10:02:04,10,Wednesday,March,3
2025-03-05,card,ANON-0000-0000-1261,35.76,Cappuccino,10:10:50,10,Wednesday,March,3
2025-03-05,card,ANON-0000-0000-1248,30.86,Americano with Milk,10:40:34,10,Wednesday,March,3
2025-03-05,card,ANON-0000-0000-1184,35.76,Cappuccino,11:08:31,11,Wednesday,March,3
2025-03-05,card,ANON-0000-0000-1262,35.76,Cocoa,11:10:54,11,Wednesday,March,3
2025-03-05,card,ANON-0000-0000-1198,25.96,Americano,11:38:51,11,Wednesday,March,3
2025-03-05,card,ANON-0000-0000-1167,25.96,Americano,11:41:22,11,Wednesday,March,3
2025-03-05,card,ANON-0000-0000-1110,25.96,Americano,12:12:56,12,Wednesday,March,3
2025-03-05,card,ANON-0000-0000-1191,35.76,Latte,15:07:50,15,Wednesday,March,3
2025-03-05,card,ANON-0000-0000-1164,35.76,Latte,15:21:35,15,Wednesday,March,3
2025-03-05,card,ANON-0000-0000-1165,35.76,Hot Chocolate,15:25:11,15,Wednesday,March,3
2025-03-05,card,ANON-0000-0000-1222,30.86,Americano with Milk,17:09:56,17,Wednesday,March,3
2025-03-05,card,ANON-0000-0000-1263,21.06,Espresso,17:16:23,17,Wednesday,March,3
2025-03-05,card,ANON-0000-0000-1191,35.76,Latte,17:31:40,17,Wednesday,March,3
2025-03-05,card,ANON-0000-0000-1158,35.76,Cappuccino,18:13:26,18,Wednesday,March,3
2025-03-05,card,ANON-0000-0000-1264,35.76,Cocoa,19:02:56,19,Wednesday,March,3
2025-03-06,card,ANON-0000-0000-1210,35.76,Hot Chocolate,09:33:39,9,Thursday,March,3
2025-03-06,card,ANON-0000-0000-1207,21.06,Espresso,09:35:52,9,Thursday,March,3
2025-03-06,card,ANON-0000-0000-1207,30.86,Americano with Milk,10:48:04,10,Thursday,March,3
2025-03-06,card,ANON-0000-0000-1163,25.96,Americano,10:56:47,10,Thursday,March,3
2025-03-06,card,ANON-0000-0000-1163,25.96,Americano,10:57:35,10,Thursday,March,3
2025-03-06,card,ANON-0000-0000-1198,25.96,Americano,11:05:43,11,Thursday,March,3
2025-03-06,card,ANON-0000-0000-1265,35.76,Cappuccino,11:17:38,11,Thursday,March,3
2025-03-06,card,ANON-0000-0000-1215,35.76,Latte,13:51:33,13,Thursday,March,3
2025-03-06,card,ANON-0000-0000-1216,30.86,Americano with Milk,16:06:47,16,Thursday,March,3
2025-03-06,card,ANON-0000-0000-1163,35.76,Cocoa,17:49:11,17,Thursday,March,3
2025-03-06,card,ANON-0000-0000-1158,35.76,Cappuccino,18:27:11,18,Thursday,March,3
2025-03-06,card,ANON-0000-0000-1153,30.86,Americano with Milk,19:22:10,19,Thursday,March,3
2025-03-07,card,ANON-0000-0000-1161,35.76,Cappuccino,07:05:42,7,Friday,March,3
2025-03-07,card,ANON-0000-0000-1110,25.96,Americano,08:45:10,8,Friday,March,3
2025-03-07,card,ANON-0000-0000-1110,25.96,Americano,08:46:03,8,Friday,March,3
2025-03-07,card,ANON-0000-0000-1163,25.96,Americano,09:02:40,9,Friday,March,3
2025-03-07,card,ANON-0000-0000-1155,35.76,Hot Chocolate,10:09:57,10,Friday,March,3
2025-03-07,card,ANON-0000-0000-1266,30.86,Americano with Milk,10:26:34,10,Friday,March,3
2025-03-07,card,ANON-0000-0000-1266,30.86,Americano with Milk,10:27:32,10,Friday,March,3
2025-03-07,card,ANON-0000-0000-1262,35.76,Cocoa,10:41:45,10,Friday,March,3
2025-03-07,card,ANON-0000-0000-1189,35.76,Cocoa,11:50:59,11,Friday,March,3
2025-03-07,card,ANON-0000-0000-1157,30.86,Americano with Milk,12:03:46,12,Friday,March,3
2025-03-07,card,ANON-0000-0000-1210,35.76,Hot Chocolate,13:43:48,13,Friday,March,3
2025-03-07,card,ANON-0000-0000-1260,25.96,Americano,13:55:31,13,Friday,March,3
2025-03-07,card,ANON-0000-0000-1184,35.76,Cappuccino,14:53:30,14,Friday,March,3
2025-03-07,card,ANON-0000-0000-1191,35.76,Latte,15:09:04,15,Friday,March,3
2025-03-07,card,ANON-0000-0000-1164,35.76,Latte,15:52:52,15,Friday,March,3
2025-03-07,card,ANON-0000-0000-1191,35.76,Latte,17:10:29,17,Friday,March,3
2025-03-07,card,ANON-0000-0000-1165,35.76,Hot Chocolate,17:12:23,17,Friday,March,3
2025-03-08,card,ANON-0000-0000-1207,30.86,Americano with Milk,09:23:44,9,Saturday,March,3
2025-03-08,card,ANON-0000-0000-1162,30.86,Americano with Milk,09:41:52,9,Saturday,March,3
2025-03-08,card,ANON-0000-0000-1163,25.96,Americano,10:54:13,10,Saturday,March,3
2025-03-08,card,ANON-0000-0000-1190,25.96,Americano,11:19:45,11,Saturday,March,3
2025-03-08,card,ANON-0000-0000-1190,25.96,Americano,11:20:32,11,Saturday,March,3
2025-03-08,card,ANON-0000-0000-1267,30.86,Americano with Milk,12:41:19,12,Saturday,March,3
2025-03-08,card,ANON-0000-0000-1110,25.96,Americano,12:45:05,12,Saturday,March,3
2025-03-08,card,ANON-0000-0000-1162,35.76,Cappuccino,13:40:06,13,Saturday,March,3
2025-03-09,card,ANON-0000-0000-1268,21.06,Espresso,09:42:03,9,Sunday,March,3
2025-03-09,card,ANON-0000-0000-1269,30.86,Americano with Milk,11:25:53,11,Sunday,March,3
2025-03-09,card,ANON-0000-0000-1184,35.76,Cappuccino,13:51:56,13,Sunday,March,3
2025-03-09,card,ANON-0000-0000-1163,25.96,Americano,14:18:30,14,Sunday,March,3
2025-03-09,card,ANON-0000-0000-1153,35.76,Cappuccino,15:12:41,15,Sunday,March,3
2025-03-09,card,ANON-0000-0000-1110,25.96,Americano,15:39:07,15,Sunday,March,3
2025-03-09,card,ANON-0000-0000-1217,30.86,Americano with Milk,15:52:39,15,Sunday,March,3
2025-03-09,card,ANON-0000-0000-1270,35.76,Cocoa,15:53:40,15,Sunday,March,3
2025-03-10,card,ANON-0000-0000-1271,25.96,Americano,08:34:43,8,Monday,March,3
2025-03-10,card,ANON-0000-0000-1271,35.76,Latte,08:35:40,8,Monday,March,3
2025-03-10,card,ANON-0000-0000-1153,30.86,Americano with Milk,09:06:27,9,Monday,March,3
2025-03-10,card,ANON-0000-0000-1210,35.76,Hot Chocolate,09:19:28,9,Monday,March,3
2025-03-10,card,ANON-0000-0000-1272,35.76,Cocoa,09:50:54,9,Monday,March,3
2025-03-10,card,ANON-0000-0000-1273,35.76,Hot Chocolate,10:18:57,10,Monday,March,3
2025-03-10,card,ANON-0000-0000-1171,25.96,Americano,12:36:14,12,Monday,March,3
2025-03-10,card,ANON-0000-0000-1170,25.96,Americano,15:32:09,15,Monday,March,3
2025-03-10,card,ANON-0000-0000-1212,35.76,Hot Chocolate,15:41:57,15,Monday,March,3
2025-03-10,card,ANON-0000-0000-1191,35.76,Latte,16:18:00,16,Monday,March,3
2025-03-10,card,ANON-0000-0000-1165,35.76,Latte,16:18:54,16,Monday,March,3
2025-03-10,card,ANON-0000-0000-1274,35.76,Cappuccino,16:24:25,16,Monday,March,3
2025-03-10,card,ANON-0000-0000-1274,30.86,Americano with Milk,16:25:32,16,Monday,March,3
2025-03-10,card,ANON-0000-0000-1170,25.96,Americano,18:15:54,18,Monday,March,3
2025-03-10,card,ANON-0000-0000-1257,35.76,Latte,18:48:30,18,Monday,March,3
2025-03-10,card,ANON-0000-0000-1257,35.76,Latte,18:49:22,18,Monday,March,3
2025-03-10,card,ANON-0000-0000-1157,30.86,Americano with Milk,19:26:42,19,Monday,March,3
2025-03-11,card,ANON-0000-0000-1170,25.96,Americano,08:46:25,8,Tuesday,March,3
2025-03-11,card,ANON-0000-0000-1163,35.76,Cappuccino,09:12:27,9,Tuesday,March,3
2025-03-11,card,ANON-0000-0000-1275,35.76,Latte,09:27:04,9,Tuesday,March,3
2025-03-11,card,ANON-0000-0000-1170,25.96,Americano,10:26:57,10,Tuesday,March,3
2025-03-11,card,ANON-0000-0000-1170,25.96,Americano,12:33:20,12,Tuesday,March,3
2025-03-11,card,ANON-0000-0000-1171,25.96,Americano,13:16:54,13,Tuesday,March,3
2025-03-11,card,ANON-0000-0000-1276,35.76,Hot Chocolate,16:29:31,16,Tuesday,March,3
2025-03-11,card,ANON-0000-0000-1276,35.76,Cocoa,16:30:16,16,Tuesday,March,3
2025-03-11,card,ANON-0000-0000-1210,35.76,Hot Chocolate,16:49:40,16,Tuesday,March,3
2025-03-11,card,ANON-0000-0000-1184,35.76,Cappuccino,17:46:50,17,Tuesday,March,3
2025-03-11,card,ANON-0000-0000-1157,30.86,Americano with Milk,18:56:52,18,Tuesday,March,3
2025-03-11,card,ANON-0000-0000-1209,35.76,Latte,19:07:14,19,Tuesday,March,3
2025-03-11,card,ANON-0000-0000-1185,35.76,Cocoa,20:08:56,20,Tuesday,March,3
2025-03-12,card,ANON-0000-0000-1277,35.76,Cocoa,11:11:39,11,Wednesday,March,3
2025-03-12,card,ANON-0000-0000-1161,30.86,Americano with Milk,11:47:34,11,Wednesday,March,3
2025-03-12,card,ANON-0000-0000-1161,35.76,Cappuccino,11:50:15,11,Wednesday,March,3
2025-03-12,card,ANON-0000-0000-1163,25.96,Americano,11:55:55,11,Wednesday,March,3
2025-03-12,card,ANON-0000-0000-1163,25.96,Americano,11:56:48,11,Wednesday,March,3
2025-03-12,card,ANON-0000-0000-1278,25.96,Americano,12:06:11,12,Wednesday,March,3
2025-03-12,card,ANON-0000-0000-1279,35.76,Hot Chocolate,12:55:38,12,Wednesday,March,3
2025-03-12,card,ANON-0000-0000-1280,35.76,Latte,13:01:49,13,Wednesday,March,3
2025-03-12,card,ANON-0000-0000-1199,35.76,Latte,13:56:23,13,Wednesday,March,3
2025-03-12,card,ANON-0000-0000-1281,35.76,Cappuccino,16:27:37,16,Wednesday,March,3
2025-03-12,card,ANON-0000-0000-1191,35.76,Latte,16:35:03,16,Wednesday,March,3
2025-03-12,card,ANON-0000-0000-1165,35.76,Latte,16:36:00,16,Wednesday,March,3
2025-03-12,card,ANON-0000-0000-1170,25.96,Americano,18:10:34,18,Wednesday,March,3
2025-03-12,card,ANON-0000-0000-1264,35.76,Cocoa,18:17:17,18,Wednesday,March,3
2025-03-12,card,ANON-0000-0000-1282,25.96,Americano,18:24:40,18,Wednesday,March,3
2025-03-12,card,ANON-0000-0000-1158,35.76,Cappuccino,18:38:56,18,Wednesday,March,3
2025-03-12,card,ANON-0000-0000-1170,25.96,Americano,18:42:13,18,Wednesday,March,3
2025-03-13,card,ANON-0000-0000-1161,35.76,Cappuccino,07:01:36,7,Thursday,March,3
2025-03-13,card,ANON-0000-0000-1153,30.86,Americano with Milk,08:23:17,8,Thursday,March,3
2025-03-13,card,ANON-0000-0000-1163,30.86,Americano with Milk,09:04:47,9,Thursday,March,3
2025-03-13,card,ANON-0000-0000-1168,35.76,Latte,09:20:09,9,Thursday,March,3
2025-03-13,card,ANON-0000-0000-1207,21.06,Espresso,09:22:04,9,Thursday,March,3
2025-03-13,card,ANON-0000-0000-1283,25.96,Americano,09:38:19,9,Thursday,March,3
2025-03-13,card,ANON-0000-0000-1284,30.86,Americano with Milk,09:39:14,9,Thursday,March,3
2025-03-13,card,ANON-0000-0000-1167,25.96,Americano,11:18:02,11,Thursday,March,3
2025-03-13,card,ANON-0000-0000-1191,35.76,Latte,12:13:37,12,Thursday,March,3
2025-03-13,card,ANON-0000-0000-1285,30.86,Americano with Milk,14:53:50,14,Thursday,March,3
2025-03-13,card,ANON-0000-0000-1194,25.96,Americano,14:55:31,14,Thursday,March,3
2025-03-13,card,ANON-0000-0000-1158,35.76,Cappuccino,18:47:43,18,Thursday,March,3
2025-03-14,card,ANON-0000-0000-1170,25.96,Americano,07:55:05,7,Friday,March,3
2025-03-14,card,ANON-0000-0000-1286,30.86,Americano with Milk,08:13:40,8,Friday,March,3
2025-03-14,card,ANON-0000-0000-1271,25.96,Americano,08:59:26,8,Friday,March,3
2025-03-14,card,ANON-0000-0000-1287,35.76,Latte,09:00:29,9,Friday,March,3
2025-03-14,card,ANON-0000-0000-1207,21.06,Espresso,09:26:07,9,Friday,March,3
2025-03-14,card,ANON-0000-0000-1170,25.96,Americano,09:28:37,9,Friday,March,3
2025-03-14,card,ANON-0000-0000-1110,25.96,Americano,10:20:51,10,Friday,March,3
2025-03-14,card,ANON-0000-0000-1288,35.76,Latte,10:48:22,10,Friday,March,3
2025-03-14,card,ANON-0000-0000-1288,35.76,Cappuccino,10:49:27,10,Friday,March,3
2025-03-14,card,ANON-0000-0000-1170,25.96,Americano,14:35:17,14,Friday,March,3
2025-03-14,card,ANON-0000-0000-1165,35.76,Latte,14:36:21,14,Friday,March,3
2025-03-14,card,ANON-0000-0000-1191,35.76,Latte,15:54:20,15,Friday,March,3
2025-03-14,card,ANON-0000-0000-1165,35.76,Latte,15:55:40,15,Friday,March,3
2025-03-14,card,ANON-0000-0000-1170,25.96,Americano,16:27:04,16,Friday,March,3
2025-03-14,card,ANON-0000-0000-1276,35.76,Cocoa,16:31:00,16,Friday,March,3
2025-03-14,card,ANON-0000-0000-1289,35.76,Cocoa,16:31:55,16,Friday,March,3
2025-03-14,card,ANON-0000-0000-1289,35.76,Cocoa,16:32:40,16,Friday,March,3
2025-03-14,card,ANON-0000-0000-1290,25.96,Americano,17:05:24,17,Friday,March,3
2025-03-14,card,ANON-0000-0000-1167,25.96,Americano,17:22:14,17,Friday,March,3
2025-03-14,card,ANON-0000-0000-1191,35.76,Latte,17:27:15,17,Friday,March,3
2025-03-14,card,ANON-0000-0000-1165,35.76,Latte,17:28:38,17,Friday,March,3
2025-03-14,card,ANON-0000-0000-1291,25.96,Americano,20:20:22,20,Friday,March,3
2025-03-14,card,ANON-0000-0000-1214,25.96,Americano,21:40:43,21,Friday,March,3
2025-03-15,card,ANON-0000-0000-1163,30.86,Americano with Milk,09:53:22,9,Saturday,March,3
2025-03-15,card,ANON-0000-0000-1158,35.76,Cappuccino,10:03:22,10,Saturday,March,3
2025-03-15,card,ANON-0000-0000-1167,25.96,Americano,13:55:41,13,Saturday,March,3
2025-03-15,card,ANON-0000-0000-0046,35.76,Cappuccino,17:10:23,17,Saturday,March,3
2025-03-15,card,ANON-0000-0000-1152,30.86,Americano with Milk,17:12:08,17,Saturday,March,3
2025-03-15,card,ANON-0000-0000-1217,30.86,Americano with Milk,19:30:36,19,Saturday,March,3
2025-03-15,card,ANON-0000-0000-1292,35.76,Cappuccino,19:51:27,19,Saturday,March,3
2025-03-16,card,ANON-0000-0000-1161,35.76,Cappuccino,09:32:17,9,Sunday,March,3
2025-03-16,card,ANON-0000-0000-1293,30.86,Americano with Milk,09:36:23,9,Sunday,March,3
2025-03-16,card,ANON-0000-0000-1294,35.76,Latte,10:50:09,10,Sunday,March,3
2025-03-16,card,ANON-0000-0000-1294,35.76,Hot Chocolate,12:00:47,12,Sunday,March,3
2025-03-16,card,ANON-0000-0000-1170,25.96,Americano,14:22:42,14,Sunday,March,3
2025-03-17,card,ANON-0000-0000-1163,25.96,Americano,06:54:40,6,Monday,March,3
2025-03-17,card,ANON-0000-0000-1110,25.96,Americano,08:09:50,8,Monday,March,3
2025-03-17,card,ANON-0000-0000-1110,25.96,Americano,08:18:02,8,Monday,March,3
2025-03-17,card,ANON-0000-0000-1153,30.86,Americano with Milk,09:02:58,9,Monday,March,3
2025-03-17,card,ANON-0000-0000-1163,25.96,Americano,10:32:39,10,Monday,March,3
2025-03-17,card,ANON-0000-0000-1203,25.96,Americano,13:59:00,13,Monday,March,3
2025-03-17,card,ANON-0000-0000-1276,35.76,Cocoa,14:21:24,14,Monday,March,3
2025-03-17,card,ANON-0000-0000-1276,35.76,Cocoa,14:22:19,14,Monday,March,3
2025-03-17,card,ANON-0000-0000-1295,35.76,Latte,14:48:03,14,Monday,March,3
2025-03-17,card,ANON-0000-0000-1158,35.76,Cappuccino,15:11:17,15,Monday,March,3
2025-03-17,card,ANON-0000-0000-1165,35.76,Latte,15:47:15,15,Monday,March,3
2025-03-17,card,ANON-0000-0000-1191,35.76,Latte,15:48:58,15,Monday,March,3
2025-03-17,card,ANON-0000-0000-1167,25.96,Americano,16:46:44,16,Monday,March,3
2025-03-18,card,ANON-0000-0000-1296,30.86,Americano with Milk,08:23:10,8,Tuesday,March,3
2025-03-18,card,ANON-0000-0000-1168,35.76,Latte,08:33:49,8,Tuesday,March,3
2025-03-18,card,ANON-0000-0000-1215,35.76,Latte,10:49:51,10,Tuesday,March,3
2025-03-18,card,ANON-0000-0000-1215,25.96,Americano,10:51:17,10,Tuesday,March,3
2025-03-18,card,ANON-0000-0000-1297,35.76,Hot Chocolate,11:47:19,11,Tuesday,March,3
2025-03-18,card,ANON-0000-0000-1297,35.76,Hot Chocolate,11:48:55,11,Tuesday,March,3
2025-03-18,card,ANON-0000-0000-1293,30.86,Americano with Milk,14:43:35,14,Tuesday,March,3
2025-03-18,card,ANON-0000-0000-1110,25.96,Americano,15:03:53,15,Tuesday,March,3
2025-03-18,card,ANON-0000-0000-1166,30.86,Americano with Milk,15:11:07,15,Tuesday,March,3
2025-03-18,card,ANON-0000-0000-1203,25.96,Americano,16:09:07,16,Tuesday,March,3
2025-03-18,card,ANON-0000-0000-1165,35.76,Latte,16:11:45,16,Tuesday,March,3
2025-03-18,card,ANON-0000-0000-1203,21.06,Espresso,16:23:20,16,Tuesday,March,3
2025-03-18,card,ANON-0000-0000-1163,35.76,Cocoa,18:42:30,18,Tuesday,March,3
2025-03-18,card,ANON-0000-0000-1163,35.76,Cocoa,18:43:17,18,Tuesday,March,3
2025-03-18,card,ANON-0000-0000-1276,35.76,Cocoa,20:00:34,20,Tuesday,March,3
2025-03-18,card,ANON-0000-0000-1276,35.76,Cocoa,20:01:37,20,Tuesday,March,3
2025-03-18,card,ANON-0000-0000-1298,35.76,Latte,21:20:40,21,Tuesday,March,3
2025-03-19,card,ANON-0000-0000-1152,25.96,Americano,07:03:07,7,Wednesday,March,3
2025-03-19,card,ANON-0000-0000-0261,25.96,Americano,07:04:08,7,Wednesday,March,3
2025-03-19,card,ANON-0000-0000-1161,35.76,Cappuccino,07:06:34,7,Wednesday,March,3
2025-03-19,card,ANON-0000-0000-0019,25.96,Americano,08:03:18,8,Wednesday,March,3
2025-03-19,card,ANON-0000-0000-1227,35.76,Hot Chocolate,10:18:39,10,Wednesday,March,3
2025-03-19,card,ANON-0000-0000-1110,25.96,Americano,11:55:39,11,Wednesday,March,3
2025-03-19,card,ANON-0000-0000-1299,25.96,Americano,12:58:27,12,Wednesday,March,3
2025-03-19,card,ANON-0000-0000-1295,35.76,Latte,15:12:53,15,Wednesday,March,3
2025-03-19,card,ANON-0000-0000-1300,35.76,Latte,15:14:23,15,Wednesday,March,3
2025-03-19,card,ANON-0000-0000-1191,35.76,Latte,16:19:33,16,Wednesday,March,3
2025-03-19,card,ANON-0000-0000-1167,25.96,Americano,16:29:56,16,Wednesday,March,3
2025-03-19,card,ANON-0000-0000-1158,35.76,Cappuccino,16:40:33,16,Wednesday,March,3
2025-03-19,card,ANON-0000-0000-1158,35.76,Cappuccino,16:42:16,16,Wednesday,March,3
2025-03-19,card,ANON-0000-0000-1152,25.96,Americano,16:51:35,16,Wednesday,March,3
2025-03-19,card,ANON-0000-0000-1110,25.96,Americano,16:52:29,16,Wednesday,March,3
2025-03-19,card,ANON-0000-0000-1275,35.76,Cocoa,16:59:59,16,Wednesday,March,3
2025-03-19,card,ANON-0000-0000-1219,30.86,Americano with Milk,17:09:55,17,Wednesday,March,3
2025-03-19,card,ANON-0000-0000-1222,30.86,Americano with Milk,17:27:39,17,Wednesday,March,3
2025-03-19,card,ANON-0000-0000-1301,25.96,Cortado,18:29:50,18,Wednesday,March,3
2025-03-19,card,ANON-0000-0000-1302,21.06,Espresso,18:30:44,18,Wednesday,March,3
2025-03-19,card,ANON-0000-0000-1303,21.06,Espresso,18:31:25,18,Wednesday,March,3
2025-03-20,card,ANON-0000-0000-1304,30.86,Americano with Milk,08:13:16,8,Thursday,March,3
2025-03-20,card,ANON-0000-0000-1152,30.86,Americano with Milk,09:52:04,9,Thursday,March,3
2025-03-20,card,ANON-0000-0000-1293,30.86,Americano with Milk,10:06:44,10,Thursday,March,3
2025-03-20,card,ANON-0000-0000-1305,25.96,Americano,10:45:44,10,Thursday,March,3
2025-03-20,card,ANON-0000-0000-1110,25.96,Americano,10:55:17,10,Thursday,March,3
2025-03-20,card,ANON-0000-0000-1306,25.96,Americano,12:48:24,12,Thursday,March,3
2025-03-20,card,ANON-0000-0000-1152,25.96,Americano,14:04:43,14,Thursday,March,3
2025-03-20,card,ANON-0000-0000-1290,25.96,Americano,14:20:37,14,Thursday,March,3
2025-03-20,card,ANON-0000-0000-1290,21.06,Espresso,14:21:41,14,Thursday,March,3
2025-03-20,card,ANON-0000-0000-1307,25.96,Cortado,14:25:04,14,Thursday,March,3
2025-03-20,card,ANON-0000-0000-1308,35.76,Cappuccino,14:26:46,14,Thursday,March,3
2025-03-20,card,ANON-0000-0000-1161,35.76,Cappuccino,14:59:47,14,Thursday,March,3
2025-03-20,card,ANON-0000-0000-1170,25.96,Americano,15:05:22,15,Thursday,March,3
2025-03-20,card,ANON-0000-0000-1276,25.96,Americano,15:21:51,15,Thursday,March,3
2025-03-20,card,ANON-0000-0000-1158,35.76,Cappuccino,16:45:44,16,Thursday,March,3
2025-03-20,card,ANON-0000-0000-1309,25.96,Americano,17:23:51,17,Thursday,March,3
2025-03-20,card,ANON-0000-0000-1233,35.76,Hot Chocolate,18:55:58,18,Thursday,March,3
2025-03-20,card,ANON-0000-0000-1310,35.76,Cocoa,19:36:41,19,Thursday,March,3
2025-03-20,card,ANON-0000-0000-1158,35.76,Cappuccino,19:57:48,19,Thursday,March,3
2025-03-20,card,ANON-0000-0000-1298,35.76,Latte,21:50:15,21,Thursday,March,3
2025-03-21,card,ANON-0000-0000-1163,30.86,Americano with Milk,07:06:11,7,Friday,March,3
2025-03-21,card,ANON-0000-0000-1163,30.86,Americano with Milk,07:09:08,7,Friday,March,3
2025-03-21,card,ANON-0000-0000-1306,25.96,Americano,08:16:43,8,Friday,March,3
2025-03-21,card,ANON-0000-0000-1110,25.96,Americano,08:28:36,8,Friday,March,3
2025-03-21,card,ANON-0000-0000-1110,25.96,Americano,08:29:20,8,Friday,March,3
2025-03-21,card,ANON-0000-0000-1311,35.76,Cappuccino,08:35:18,8,Friday,March,3
2025-03-21,card,ANON-0000-0000-1163,25.96,Americano,11:50:09,11,Friday,March,3
2025-03-21,card,ANON-0000-0000-0019,35.76,Latte,11:51:07,11,Friday,March,3
2025-03-21,card,ANON-0000-0000-1306,25.96,Americano,13:02:48,13,Friday,March,3
2025-03-21,card,ANON-0000-0000-1275,35.76,Latte,13:23:57,13,Friday,March,3
2025-03-21,card,ANON-0000-0000-1158,35.76,Cappuccino,14:11:44,14,Friday,March,3
2025-03-21,card,ANON-0000-0000-1312,35.76,Cappuccino,15:09:03,15,Friday,March,3
2025-03-21,card,ANON-0000-0000-1170,25.96,Americano,15:24:42,15,Friday,March,3
2025-03-21,card,ANON-0000-0000-1110,35.76,Latte,15:28:19,15,Friday,March,3
2025-03-21,card,ANON-0000-0000-1163,35.76,Cappuccino,15:29:32,15,Friday,March,3
2025-03-21,card,ANON-0000-0000-1259,35.76,Hot Chocolate,17:01:28,17,Friday,March,3
2025-03-21,card,ANON-0000-0000-1165,35.76,Latte,17:21:16,17,Friday,March,3
2025-03-21,card,ANON-0000-0000-1191,35.76,Latte,17:22:49,17,Friday,March,3
2025-03-21,card,ANON-0000-0000-0507,35.76,Latte,18:52:12,18,Friday,March,3
2025-03-21,card,ANON-0000-0000-1170,25.96,Americano,18:59:24,18,Friday,March,3
2025-03-22,card,ANON-0000-0000-1274,30.86,Americano with Milk,09:05:13,9,Saturday,March,3
2025-03-22,card,ANON-0000-0000-1152,30.86,Americano with Milk,10:30:09,10,Saturday,March,3
2025-03-22,card,ANON-0000-0000-1259,35.76,Hot Chocolate,11:14:05,11,Saturday,March,3
2025-03-22,card,ANON-0000-0000-1279,35.76,Cocoa,11:41:20,11,Saturday,March,3
2025-03-22,card,ANON-0000-0000-1313,30.86,Americano with Milk,12:18:27,12,Saturday,March,3
2025-03-22,card,ANON-0000-0000-1306,25.96,Americano,12:25:59,12,Saturday,March,3
2025-03-22,card,ANON-0000-0000-1309,25.96,Americano,13:06:21,13,Saturday,March,3
2025-03-22,card,ANON-0000-0000-1267,30.86,Americano with Milk,13:23:17,13,Saturday,March,3
2025-03-22,card,ANON-0000-0000-1302,21.06,Espresso,15:57:58,15,Saturday,March,3
2025-03-22,card,ANON-0000-0000-1274,35.76,Latte,16:26:59,16,Saturday,March,3
2025-03-22,card,ANON-0000-0000-1274,30.86,Americano with Milk,17:53:35,17,Saturday,March,3
2025-03-22,card,ANON-0000-0000-1314,30.86,Americano with Milk,19:16:52,19,Saturday,March,3
2025-03-23,card,ANON-0000-0000-1196,35.76,Latte,10:07:11,10,Sunday,March,3
2025-03-23,card,ANON-0000-0000-1158,35.76,Cappuccino,10:34:54,10,Sunday,March,3
2025-03-23,card,ANON-0000-0000-1315,35.76,Cocoa,14:43:37,14,Sunday,March,3
2025-03-23,card,ANON-0000-0000-1315,35.76,Cocoa,14:44:16,14,Sunday,March,3
2025-03-23,card,ANON-0000-0000-1316,25.96,Americano,15:47:28,15,Sunday,March,3
2025-03-23,card,ANON-0000-0000-1275,35.76,Latte,18:11:38,18,Sunday,March,3
